Reporting Organsation Reference,Name,Organisation Type,Transaction Type,Value $m,YYYYMM year and month
44000,World Bank,IFI,Commitment,8764.933835,202009
44000,World Bank,IFI,Commitment,12078.750614,202012
44000,World Bank,IFI,Commitment,0.011451,202101
44000,World Bank,IFI,Commitment,14141.468482,202103
44000,World Bank,IFI,Commitment,26383.300915,202106
44000,World Bank,IFI,Commitment,-104.801308,202107
44000,World Bank,IFI,Spend,9976.233476,202009
44000,World Bank,IFI,Spend,11618.113215,202012
44000,World Bank,IFI,Spend,0.014294,202101
44000,World Bank,IFI,Spend,10005.77978,202103
44000,World Bank,IFI,Spend,13058.030671,202106
44000,World Bank,IFI,Spend,2344.93204,202107
46002,African Development Bank Group (AfDB),IFI,Commitment,79.2553220079,202008
46002,African Development Bank Group (AfDB),IFI,Commitment,13.355746962354,202009
46002,African Development Bank Group (AfDB),IFI,Commitment,4.391431916577,202010
46002,African Development Bank Group (AfDB),IFI,Commitment,34.506994819626,202011
46002,African Development Bank Group (AfDB),IFI,Commitment,6.550449842345,202012
46002,African Development Bank Group (AfDB),IFI,Commitment,0,202101
46002,African Development Bank Group (AfDB),IFI,Commitment,0,202102
46002,African Development Bank Group (AfDB),IFI,Commitment,0,202103
46002,African Development Bank Group (AfDB),IFI,Commitment,0,202104
46002,African Development Bank Group (AfDB),IFI,Spend,75.635184690805,202008
46002,African Development Bank Group (AfDB),IFI,Spend,174.465292590214,202009
46002,African Development Bank Group (AfDB),IFI,Spend,129.633147447737,202010
46002,African Development Bank Group (AfDB),IFI,Spend,36.7661210581349,202011
46002,African Development Bank Group (AfDB),IFI,Spend,57.512240271366,202012
46002,African Development Bank Group (AfDB),IFI,Spend,0,202101
46002,African Development Bank Group (AfDB),IFI,Spend,0,202102
46002,African Development Bank Group (AfDB),IFI,Spend,0,202103
46002,African Development Bank Group (AfDB),IFI,Spend,0,202104
46004,Asian Development Bank (ADB),IFI,Commitment,2709.94903004,202008
46004,Asian Development Bank (ADB),IFI,Commitment,2508.36154909,202009
46004,Asian Development Bank (ADB),IFI,Commitment,1649.08394287,202010
46004,Asian Development Bank (ADB),IFI,Commitment,3306.16763009,202011
46004,Asian Development Bank (ADB),IFI,Commitment,5574.0515922041,202012
46004,Asian Development Bank (ADB),IFI,Commitment,65,202101
46004,Asian Development Bank (ADB),IFI,Commitment,150,202102
46004,Asian Development Bank (ADB),IFI,Spend,1263.01325283999,202008
46004,Asian Development Bank (ADB),IFI,Spend,1460.19382849999,202009
46004,Asian Development Bank (ADB),IFI,Spend,834.777398289999,202010
46004,Asian Development Bank (ADB),IFI,Spend,835.576293089999,202011
46004,Asian Development Bank (ADB),IFI,Spend,4822.25880827999,202012
46004,Asian Development Bank (ADB),IFI,Spend,1231.4466819,202101
46004,Asian Development Bank (ADB),IFI,Spend,914.55941103,202102
46004,Asian Development Bank (ADB),IFI,Spend,1331.48372163999,202103
46004,Asian Development Bank (ADB),IFI,Spend,878.525374069999,202104
46004,Asian Development Bank (ADB),IFI,Spend,450.28281462,202105
46004,Asian Development Bank (ADB),IFI,Spend,965.11273038,202106
46004,Asian Development Bank (ADB),IFI,Spend,51.63012766,202107
47045,"The Global Fund to Fight AIDS, Tuberculosis and Malaria",Multilateral,Commitment,283.91915043,202008
47045,"The Global Fund to Fight AIDS, Tuberculosis and Malaria",Multilateral,Commitment,157.843733929999,202009
47045,"The Global Fund to Fight AIDS, Tuberculosis and Malaria",Multilateral,Commitment,185.652058979999,202010
47045,"The Global Fund to Fight AIDS, Tuberculosis and Malaria",Multilateral,Commitment,217.674378149999,202011
47045,"The Global Fund to Fight AIDS, Tuberculosis and Malaria",Multilateral,Commitment,1158.78545450999,202012
47045,"The Global Fund to Fight AIDS, Tuberculosis and Malaria",Multilateral,Commitment,1947.23893403999,202101
47045,"The Global Fund to Fight AIDS, Tuberculosis and Malaria",Multilateral,Commitment,522.717171409999,202102
47045,"The Global Fund to Fight AIDS, Tuberculosis and Malaria",Multilateral,Commitment,441.04253768,202103
47045,"The Global Fund to Fight AIDS, Tuberculosis and Malaria",Multilateral,Commitment,126.084913859999,202104
47045,"The Global Fund to Fight AIDS, Tuberculosis and Malaria",Multilateral,Commitment,249.314527249999,202105
47045,"The Global Fund to Fight AIDS, Tuberculosis and Malaria",Multilateral,Commitment,245.878420649999,202106
47045,"The Global Fund to Fight AIDS, Tuberculosis and Malaria",Multilateral,Commitment,574.91474791,202107
47045,"The Global Fund to Fight AIDS, Tuberculosis and Malaria",Multilateral,Spend,351.90925714,202008
47045,"The Global Fund to Fight AIDS, Tuberculosis and Malaria",Multilateral,Spend,317.020210349999,202009
47045,"The Global Fund to Fight AIDS, Tuberculosis and Malaria",Multilateral,Spend,487.05256797,202010
47045,"The Global Fund to Fight AIDS, Tuberculosis and Malaria",Multilateral,Spend,276.69579458,202011
47045,"The Global Fund to Fight AIDS, Tuberculosis and Malaria",Multilateral,Spend,466.265186369999,202012
47045,"The Global Fund to Fight AIDS, Tuberculosis and Malaria",Multilateral,Spend,567.140844489999,202101
47045,"The Global Fund to Fight AIDS, Tuberculosis and Malaria",Multilateral,Spend,216.537845239999,202102
47045,"The Global Fund to Fight AIDS, Tuberculosis and Malaria",Multilateral,Spend,288.968554619999,202103
47045,"The Global Fund to Fight AIDS, Tuberculosis and Malaria",Multilateral,Spend,327.400916579999,202104
47045,"The Global Fund to Fight AIDS, Tuberculosis and Malaria",Multilateral,Spend,172.944417419999,202105
47045,"The Global Fund to Fight AIDS, Tuberculosis and Malaria",Multilateral,Spend,438.15939302,202106
47045,"The Global Fund to Fight AIDS, Tuberculosis and Malaria",Multilateral,Spend,486.95626194,202107
47122,"Gavi, the Vaccine Alliance",Multilateral,Commitment,2980.38969629999,202009
47122,"Gavi, the Vaccine Alliance",Multilateral,Commitment,97.5729953,202010
47122,"Gavi, the Vaccine Alliance",Multilateral,Commitment,4640.3936492,202102
47122,"Gavi, the Vaccine Alliance",Multilateral,Commitment,50.0356515,202103
47122,"Gavi, the Vaccine Alliance",Multilateral,Commitment,68.63978488,202104
47122,"Gavi, the Vaccine Alliance",Multilateral,Commitment,58.94415968,202105
47122,"Gavi, the Vaccine Alliance",Multilateral,Commitment,397.917363389999,202106
47122,"Gavi, the Vaccine Alliance",Multilateral,Commitment,47.48930845,202107
47122,"Gavi, the Vaccine Alliance",Multilateral,Spend,211.0051593,202008
47122,"Gavi, the Vaccine Alliance",Multilateral,Spend,150.39410212,202009
47122,"Gavi, the Vaccine Alliance",Multilateral,Spend,298.15135728,202010
47122,"Gavi, the Vaccine Alliance",Multilateral,Spend,355.65130291,202011
47122,"Gavi, the Vaccine Alliance",Multilateral,Spend,315.34070614,202012
47122,"Gavi, the Vaccine Alliance",Multilateral,Spend,32.73022615,202101
47122,"Gavi, the Vaccine Alliance",Multilateral,Spend,379.00891761,202102
47122,"Gavi, the Vaccine Alliance",Multilateral,Spend,592.10483548,202103
47122,"Gavi, the Vaccine Alliance",Multilateral,Spend,572.74830115,202104
47122,"Gavi, the Vaccine Alliance",Multilateral,Spend,268.704797439999,202105
47122,"Gavi, the Vaccine Alliance",Multilateral,Spend,638.210636279999,202106
47122,"Gavi, the Vaccine Alliance",Multilateral,Spend,2358.75335357,202107
CA-3,"Canada – Foreign Affairs, Trade and Development (DFATD)",Bilateral,Commitment,18.71783000518,202008
CA-3,"Canada – Foreign Affairs, Trade and Development (DFATD)",Bilateral,Commitment,22.53701108564,202009
CA-3,"Canada – Foreign Affairs, Trade and Development (DFATD)",Bilateral,Commitment,27.20087159023,202010
CA-3,"Canada – Foreign Affairs, Trade and Development (DFATD)",Bilateral,Commitment,164.4072845956,202011
CA-3,"Canada – Foreign Affairs, Trade and Development (DFATD)",Bilateral,Commitment,22.4705183688,202012
CA-3,"Canada – Foreign Affairs, Trade and Development (DFATD)",Bilateral,Commitment,56.665179,202101
CA-3,"Canada – Foreign Affairs, Trade and Development (DFATD)",Bilateral,Commitment,49.152749034717,202102
CA-3,"Canada – Foreign Affairs, Trade and Development (DFATD)",Bilateral,Commitment,917.096531026748,202103
CA-3,"Canada – Foreign Affairs, Trade and Development (DFATD)",Bilateral,Commitment,57.409993029,202104
CA-3,"Canada – Foreign Affairs, Trade and Development (DFATD)",Bilateral,Commitment,10.616751195,202105
CA-3,"Canada – Foreign Affairs, Trade and Development (DFATD)",Bilateral,Commitment,21.3013176644999,202106
CA-3,"Canada – Foreign Affairs, Trade and Development (DFATD)",Bilateral,Spend,78.8670336534439,202008
CA-3,"Canada – Foreign Affairs, Trade and Development (DFATD)",Bilateral,Spend,87.943981457954,202009
CA-3,"Canada – Foreign Affairs, Trade and Development (DFATD)",Bilateral,Spend,59.5117804147679,202010
CA-3,"Canada – Foreign Affairs, Trade and Development (DFATD)",Bilateral,Spend,129.562939543996,202011
CA-3,"Canada – Foreign Affairs, Trade and Development (DFATD)",Bilateral,Spend,134.962642632676,202012
CA-3,"Canada – Foreign Affairs, Trade and Development (DFATD)",Bilateral,Spend,212.019601986174,202101
CA-3,"Canada – Foreign Affairs, Trade and Development (DFATD)",Bilateral,Spend,171.749196332187,202102
CA-3,"Canada – Foreign Affairs, Trade and Development (DFATD)",Bilateral,Spend,971.908411017408,202103
CA-3,"Canada – Foreign Affairs, Trade and Development (DFATD)",Bilateral,Spend,62.673184672662,202104
CA-3,"Canada – Foreign Affairs, Trade and Development (DFATD)",Bilateral,Spend,66.281581125642,202105
CA-3,"Canada – Foreign Affairs, Trade and Development (DFATD)",Bilateral,Spend,73.638992235609,202106
CA-3,"Canada – Foreign Affairs, Trade and Development (DFATD)",Bilateral,Spend,48.4459954418099,202107
CH-4,Switzerland – Swiss Agency for Development and Cooperation (SDC),Bilateral,Commitment,3393.60431084479,202012
CH-4,Switzerland – Swiss Agency for Development and Cooperation (SDC),Bilateral,Spend,1850.4522899584,202012
DE-1,Germany – Federal Ministry for Economic Cooperation and Development (BMZ),Bilateral,Commitment,115.4115,202009
DE-1,Germany – Federal Ministry for Economic Cooperation and Development (BMZ),Bilateral,Commitment,84.0375,202010
DE-1,Germany – Federal Ministry for Economic Cooperation and Development (BMZ),Bilateral,Commitment,149.6603253915,202011
DE-1,Germany – Federal Ministry for Economic Cooperation and Development (BMZ),Bilateral,Commitment,953.075072529449,202012
DE-1,Germany – Federal Ministry for Economic Cooperation and Development (BMZ),Bilateral,Commitment,415.822723348608,202101
DE-1,Germany – Federal Ministry for Economic Cooperation and Development (BMZ),Bilateral,Commitment,25.703136,202102
DE-1,Germany – Federal Ministry for Economic Cooperation and Development (BMZ),Bilateral,Commitment,12.4443,202105
DE-1,Germany – Federal Ministry for Economic Cooperation and Development (BMZ),Bilateral,Commitment,134.6247,202106
DE-1,Germany – Federal Ministry for Economic Cooperation and Development (BMZ),Bilateral,Commitment,28.2825,202107
DE-1,Germany – Federal Ministry for Economic Cooperation and Development (BMZ),Bilateral,Spend,22.41,202008
DE-1,Germany – Federal Ministry for Economic Cooperation and Development (BMZ),Bilateral,Spend,70.5915,202009
DE-1,Germany – Federal Ministry for Economic Cooperation and Development (BMZ),Bilateral,Spend,78.810968659455,202010
DE-1,Germany – Federal Ministry for Economic Cooperation and Development (BMZ),Bilateral,Spend,0.302328828,202011
DE-1,Germany – Federal Ministry for Economic Cooperation and Development (BMZ),Bilateral,Spend,1204.45073208801,202012
DE-1,Germany – Federal Ministry for Economic Cooperation and Development (BMZ),Bilateral,Spend,6.487592202171,202101
DE-1,Germany – Federal Ministry for Economic Cooperation and Development (BMZ),Bilateral,Spend,12.329595434034,202102
DE-1,Germany – Federal Ministry for Economic Cooperation and Development (BMZ),Bilateral,Spend,10.288195049943,202103
DE-1,Germany – Federal Ministry for Economic Cooperation and Development (BMZ),Bilateral,Spend,116.195084917254,202104
DE-1,Germany – Federal Ministry for Economic Cooperation and Development (BMZ),Bilateral,Spend,46.9890969182459,202105
DE-1,Germany – Federal Ministry for Economic Cooperation and Development (BMZ),Bilateral,Spend,166.762604829851,202106
DE-1,Germany – Federal Ministry for Economic Cooperation and Development (BMZ),Bilateral,Spend,330.083057508669,202107
DE-1,Germany – Federal Ministry for Economic Cooperation and Development (BMZ),Bilateral,Spend,2072.00250673722,202012
ES-DIR3-EA0035768,Spain – Agency for International Development Cooperation (AECID),Bilateral,Commitment,1.2522490623,202008
ES-DIR3-EA0035768,Spain – Agency for International Development Cooperation (AECID),Bilateral,Commitment,6.23095808445,202009
ES-DIR3-EA0035768,Spain – Agency for International Development Cooperation (AECID),Bilateral,Commitment,4.962975599835,202010
ES-DIR3-EA0035768,Spain – Agency for International Development Cooperation (AECID),Bilateral,Commitment,1.18338658344,202011
ES-DIR3-EA0035768,Spain – Agency for International Development Cooperation (AECID),Bilateral,Commitment,13.9446213795,202012
ES-DIR3-EA0035768,Spain – Agency for International Development Cooperation (AECID),Bilateral,Commitment,36.6898797368459,202101
ES-DIR3-EA0035768,Spain – Agency for International Development Cooperation (AECID),Bilateral,Commitment,0.817794143999999,202102
ES-DIR3-EA0035768,Spain – Agency for International Development Cooperation (AECID),Bilateral,Commitment,1.89692447076,202103
ES-DIR3-EA0035768,Spain – Agency for International Development Cooperation (AECID),Bilateral,Commitment,0.0885378006,202104
ES-DIR3-EA0035768,Spain – Agency for International Development Cooperation (AECID),Bilateral,Spend,25.086421493055,202008
ES-DIR3-EA0035768,Spain – Agency for International Development Cooperation (AECID),Bilateral,Spend,18.62601735744,202009
ES-DIR3-EA0035768,Spain – Agency for International Development Cooperation (AECID),Bilateral,Spend,38.605078926135,202010
ES-DIR3-EA0035768,Spain – Agency for International Development Cooperation (AECID),Bilateral,Spend,29.7383093163899,202011
ES-DIR3-EA0035768,Spain – Agency for International Development Cooperation (AECID),Bilateral,Spend,117.941747214599,202012
ES-DIR3-EA0035768,Spain – Agency for International Development Cooperation (AECID),Bilateral,Spend,0.379036680011999,202101
ES-DIR3-EA0035768,Spain – Agency for International Development Cooperation (AECID),Bilateral,Spend,0.33939,202102
ES-DIR3-EA0035768,Spain – Agency for International Development Cooperation (AECID),Bilateral,Spend,5.45704845003899,202103
ES-DIR3-EA0035768,Spain – Agency for International Development Cooperation (AECID),Bilateral,Spend,5.29866042021,202104
ES-DIR3-EA0035768,Spain – Agency for International Development Cooperation (AECID),Bilateral,Spend,25.7310063221579,202105
ES-DIR3-EA0035768,Spain – Agency for International Development Cooperation (AECID),Bilateral,Spend,0.0056565,202107
FI-3,Finland – Ministry for Foreign Affairs,Bilateral,Commitment,7.861396626,202008
FI-3,Finland – Ministry for Foreign Affairs,Bilateral,Commitment,6.201342261,202009
FI-3,Finland – Ministry for Foreign Affairs,Bilateral,Commitment,4.512293838,202010
FI-3,Finland – Ministry for Foreign Affairs,Bilateral,Commitment,159.426253795499,202011
FI-3,Finland – Ministry for Foreign Affairs,Bilateral,Commitment,729.20160334215,202012
FI-3,Finland – Ministry for Foreign Affairs,Bilateral,Commitment,0.1210491,202101
FI-3,Finland – Ministry for Foreign Affairs,Bilateral,Commitment,26.0033694444,202102
FI-3,Finland – Ministry for Foreign Affairs,Bilateral,Commitment,91.9711343241,202103
FI-3,Finland – Ministry for Foreign Affairs,Bilateral,Commitment,10.8209229642,202104
FI-3,Finland – Ministry for Foreign Affairs,Bilateral,Commitment,27.5734622502,202105
FI-3,Finland – Ministry for Foreign Affairs,Bilateral,Commitment,143.438240850299,202106
FI-3,Finland – Ministry for Foreign Affairs,Bilateral,Commitment,2.0749603194,202107
FI-3,Finland – Ministry for Foreign Affairs,Bilateral,Spend,27.974367144,202008
FI-3,Finland – Ministry for Foreign Affairs,Bilateral,Spend,17.44145649,202009
FI-3,Finland – Ministry for Foreign Affairs,Bilateral,Spend,24.3544159754999,202010
FI-3,Finland – Ministry for Foreign Affairs,Bilateral,Spend,18.8991765675,202011
FI-3,Finland – Ministry for Foreign Affairs,Bilateral,Spend,850.43750211922,202012
FI-3,Finland – Ministry for Foreign Affairs,Bilateral,Spend,107.967333865508,202101
FI-3,Finland – Ministry for Foreign Affairs,Bilateral,Spend,36.4900939443,202102
FI-3,Finland – Ministry for Foreign Affairs,Bilateral,Spend,18.520745393052,202103
FI-3,Finland – Ministry for Foreign Affairs,Bilateral,Spend,33.6758980841999,202104
FI-3,Finland – Ministry for Foreign Affairs,Bilateral,Spend,69.415063359687,202105
FI-3,Finland – Ministry for Foreign Affairs,Bilateral,Spend,106.924987656432,202106
FI-3,Finland – Ministry for Foreign Affairs,Bilateral,Spend,41.152049119773,202107
FR-3,France - AFD,Bilateral,Commitment,2526.45459304353,202107
FR-3,France - AFD,Bilateral,Spend,5028.23756245333,202012
FR-3,France - AFD,Bilateral,Spend,184.945360206654,202106
FR-3,France - AFD,Bilateral,Spend,1230.53656021289,202107
FR-6,France - MAEDI,Bilateral,Commitment,0.2243902095,202008
FR-6,France - MAEDI,Bilateral,Commitment,0.6011381655,202009
FR-6,France - MAEDI,Bilateral,Commitment,0.666960817499999,202010
FR-6,France - MAEDI,Bilateral,Commitment,0.7016582205,202011
FR-6,France - MAEDI,Bilateral,Commitment,0.6012860715,202012
FR-6,France - MAEDI,Bilateral,Commitment,3.1329962001,202101
FR-6,France - MAEDI,Bilateral,Commitment,0.8326368,202102
FR-6,France - MAEDI,Bilateral,Commitment,4.7596472181,202103
FR-6,France - MAEDI,Bilateral,Commitment,1.4987247453,202104
FR-6,France - MAEDI,Bilateral,Commitment,5.8500971064,202105
FR-6,France - MAEDI,Bilateral,Commitment,0.0086046678,202106
FR-6,France - MAEDI,Bilateral,Spend,0.01990008,202008
FR-6,France - MAEDI,Bilateral,Spend,0.135824769,202009
FR-6,France - MAEDI,Bilateral,Spend,0.277415631,202010
FR-6,France - MAEDI,Bilateral,Spend,0.1461143205,202011
FR-6,France - MAEDI,Bilateral,Spend,0.0171694215,202012
FR-6,France - MAEDI,Bilateral,Spend,0.7837804782,202103
FR-6,France - MAEDI,Bilateral,Spend,0.2049621462,202104
FR-6,France - MAEDI,Bilateral,Spend,0.0533238255,202105
GB-CHC-209131,UK – British Council,Bilateral,Commitment,0.121779941742,202008
GB-CHC-209131,UK – British Council,Bilateral,Commitment,1.101670385682,202009
GB-CHC-209131,UK – British Council,Bilateral,Commitment,0.378713067471,202010
GB-CHC-209131,UK – British Council,Bilateral,Commitment,0.1361648832,202011
GB-CHC-209131,UK – British Council,Bilateral,Commitment,0.210328167903,202101
GB-CHC-209131,UK – British Council,Bilateral,Commitment,0.1630502572,202102
GB-CHC-209131,UK – British Council,Bilateral,Commitment,1.120645512774,202103
GB-CHC-209131,UK – British Council,Bilateral,Commitment,0.2959701486,202105
GB-CHC-209131,UK – British Council,Bilateral,Commitment,0.2883288938,202106
GB-CHC-209131,UK – British Council,Bilateral,Spend,1.36766642118,202008
GB-CHC-209131,UK – British Council,Bilateral,Spend,0.255809395011,202009
GB-CHC-209131,UK – British Council,Bilateral,Spend,0.796201688076,202010
GB-CHC-209131,UK – British Council,Bilateral,Spend,2.397490226964,202011
GB-CHC-209131,UK – British Council,Bilateral,Spend,0.459270971847,202012
GB-CHC-209131,UK – British Council,Bilateral,Spend,0.465798933636,202101
GB-CHC-209131,UK – British Council,Bilateral,Spend,1.988795870576,202102
GB-CHC-209131,UK – British Council,Bilateral,Spend,0.600070453026,202103
GB-CHC-209131,UK – British Council,Bilateral,Spend,0.633336578953,202104
GB-CHC-209131,UK – British Council,Bilateral,Spend,2.18321778924299,202105
GB-CHC-209131,UK – British Council,Bilateral,Spend,0.160598956108,202106
GB-GOV-1,"UK – Foreign, Commonwealth and Development Office (FCDO)",Bilateral,Commitment,313.8656026284,202008
GB-GOV-1,"UK – Foreign, Commonwealth and Development Office (FCDO)",Bilateral,Commitment,258.992996032499,202009
GB-GOV-1,"UK – Foreign, Commonwealth and Development Office (FCDO)",Bilateral,Commitment,300.1637959731,202010
GB-GOV-1,"UK – Foreign, Commonwealth and Development Office (FCDO)",Bilateral,Commitment,604.6961663724,202011
GB-GOV-1,"UK – Foreign, Commonwealth and Development Office (FCDO)",Bilateral,Commitment,519.6696770517,202012
GB-GOV-1,"UK – Foreign, Commonwealth and Development Office (FCDO)",Bilateral,Commitment,7.5972959723,202101
GB-GOV-1,"UK – Foreign, Commonwealth and Development Office (FCDO)",Bilateral,Commitment,12.9786748799,202102
GB-GOV-1,"UK – Foreign, Commonwealth and Development Office (FCDO)",Bilateral,Commitment,187.6580177584,202103
GB-GOV-1,"UK – Foreign, Commonwealth and Development Office (FCDO)",Bilateral,Commitment,420.1632851608,202104
GB-GOV-1,"UK – Foreign, Commonwealth and Development Office (FCDO)",Bilateral,Commitment,56.5485598289,202105
GB-GOV-1,"UK – Foreign, Commonwealth and Development Office (FCDO)",Bilateral,Commitment,305.6844107493,202106
GB-GOV-1,"UK – Foreign, Commonwealth and Development Office (FCDO)",Bilateral,Commitment,40.5194813843,202107
GB-GOV-1,"UK – Foreign, Commonwealth and Development Office (FCDO)",Bilateral,Spend,586.1879183019,202008
GB-GOV-1,"UK – Foreign, Commonwealth and Development Office (FCDO)",Bilateral,Spend,626.972948116293,202009
GB-GOV-1,"UK – Foreign, Commonwealth and Development Office (FCDO)",Bilateral,Spend,782.6164687533,202010
GB-GOV-1,"UK – Foreign, Commonwealth and Development Office (FCDO)",Bilateral,Spend,1087.7437907886,202011
GB-GOV-1,"UK – Foreign, Commonwealth and Development Office (FCDO)",Bilateral,Spend,2741.29986143269,202012
GB-GOV-1,"UK – Foreign, Commonwealth and Development Office (FCDO)",Bilateral,Spend,434.203857919999,202101
GB-GOV-1,"UK – Foreign, Commonwealth and Development Office (FCDO)",Bilateral,Spend,237.8360776288,202102
GB-GOV-1,"UK – Foreign, Commonwealth and Development Office (FCDO)",Bilateral,Spend,839.722567023751,202103
GB-GOV-1,"UK – Foreign, Commonwealth and Development Office (FCDO)",Bilateral,Spend,445.5994314625,202104
GB-GOV-1,"UK – Foreign, Commonwealth and Development Office (FCDO)",Bilateral,Spend,372.564926839,202105
GB-GOV-1,"UK – Foreign, Commonwealth and Development Office (FCDO)",Bilateral,Spend,283.5768461883,202106
GB-GOV-1,"UK – Foreign, Commonwealth and Development Office (FCDO)",Bilateral,Spend,702.5766266337,202107
GB-GOV-1,"UK – Foreign, Commonwealth and Development Office (FCDO)",Bilateral,Spend,145.02082168505,202008
GB-GOV-1,"UK – Foreign, Commonwealth and Development Office (FCDO)",Bilateral,Spend,156.044456004405,202009
GB-GOV-1,"UK – Foreign, Commonwealth and Development Office (FCDO)",Bilateral,Spend,45.343049407305,202010
GB-GOV-1,"UK – Foreign, Commonwealth and Development Office (FCDO)",Bilateral,Spend,43.673479824966,202011
GB-GOV-1,"UK – Foreign, Commonwealth and Development Office (FCDO)",Bilateral,Spend,237.258793832985,202012
GB-GOV-1,"UK – Foreign, Commonwealth and Development Office (FCDO)",Bilateral,Spend,40.5411107580789,202101
GB-GOV-1,"UK – Foreign, Commonwealth and Development Office (FCDO)",Bilateral,Spend,37.5697528164439,202102
GB-GOV-1,"UK – Foreign, Commonwealth and Development Office (FCDO)",Bilateral,Spend,276.865692529899,202103
GB-GOV-1,"UK – Foreign, Commonwealth and Development Office (FCDO)",Bilateral,Spend,194.4783371586,202104
GB-GOV-1,"UK – Foreign, Commonwealth and Development Office (FCDO)",Bilateral,Spend,5.72447052770001,202105
GB-GOV-1,"UK – Foreign, Commonwealth and Development Office (FCDO)",Bilateral,Spend,5.1036029661,202106
GB-GOV-1,"UK – Foreign, Commonwealth and Development Office (FCDO)",Bilateral,Spend,2.77237307479999,202107
GB-GOV-1,"UK – Foreign, Commonwealth and Development Office (FCDO)",Bilateral,Spend,0.827535775499999,202008
GB-GOV-1,"UK – Foreign, Commonwealth and Development Office (FCDO)",Bilateral,Spend,0.586340304,202009
GB-GOV-1,"UK – Foreign, Commonwealth and Development Office (FCDO)",Bilateral,Spend,783.1474872627,202010
GB-GOV-1,"UK – Foreign, Commonwealth and Development Office (FCDO)",Bilateral,Spend,34.8659939736,202011
GB-GOV-1,"UK – Foreign, Commonwealth and Development Office (FCDO)",Bilateral,Spend,22.83782976,202012
GB-GOV-1,"UK – Foreign, Commonwealth and Development Office (FCDO)",Bilateral,Spend,2.3591869901,202101
GB-GOV-1,"UK – Foreign, Commonwealth and Development Office (FCDO)",Bilateral,Spend,0.2086888642,202102
GB-GOV-1,"UK – Foreign, Commonwealth and Development Office (FCDO)",Bilateral,Spend,65.4736030689,202103
GB-GOV-1,"UK – Foreign, Commonwealth and Development Office (FCDO)",Bilateral,Spend,13.5590644431,202104
GB-GOV-1,"UK – Foreign, Commonwealth and Development Office (FCDO)",Bilateral,Spend,9.5211643746,202105
GB-GOV-1,"UK – Foreign, Commonwealth and Development Office (FCDO)",Bilateral,Spend,51.8477833079,202106
GB-GOV-1,"UK – Foreign, Commonwealth and Development Office (FCDO)",Bilateral,Spend,572.3151462694,202107
GB-GOV-10,UK – Department of Health and Social Care (DHSC),Bilateral,Commitment,1.79913042781199,202008
GB-GOV-10,UK – Department of Health and Social Care (DHSC),Bilateral,Commitment,21.999546272436,202009
GB-GOV-10,UK – Department of Health and Social Care (DHSC),Bilateral,Commitment,0.599462939646,202010
GB-GOV-10,UK – Department of Health and Social Care (DHSC),Bilateral,Commitment,1.2007,202103
GB-GOV-10,UK – Department of Health and Social Care (DHSC),Bilateral,Spend,16.570293012492,202008
GB-GOV-10,UK – Department of Health and Social Care (DHSC),Bilateral,Spend,26.2274942193809,202009
GB-GOV-10,UK – Department of Health and Social Care (DHSC),Bilateral,Spend,0.74755165524,202010
GB-GOV-10,UK – Department of Health and Social Care (DHSC),Bilateral,Spend,17.180535932643,202011
GB-GOV-10,UK – Department of Health and Social Care (DHSC),Bilateral,Spend,14.64912076704,202012
GB-GOV-10,UK – Department of Health and Social Care (DHSC),Bilateral,Spend,6.140281402635,202101
GB-GOV-10,UK – Department of Health and Social Care (DHSC),Bilateral,Spend,9.540954564147,202102
GB-GOV-10,UK – Department of Health and Social Care (DHSC),Bilateral,Spend,19.2873314040949,202103
GB-GOV-10,UK – Department of Health and Social Care (DHSC),Bilateral,Spend,3.020404867662,202104
GB-GOV-10,UK – Department of Health and Social Care (DHSC),Bilateral,Spend,2.905970749343,202105
GB-GOV-10,UK – Department of Health and Social Care (DHSC),Bilateral,Spend,13.676019443076,202106
GB-GOV-10,UK – Department of Health and Social Care (DHSC),Bilateral,Spend,0.984728854279,202107
GB-GOV-10,UK – Department of Health and Social Care (DHSC),Bilateral,Spend,0.4207417437,202008
GB-GOV-10,UK – Department of Health and Social Care (DHSC),Bilateral,Spend,0.299674726437,202009
GB-GOV-13,"UK – Department for Business, Energy and Industrial Strategy (BEIS)",Bilateral,Commitment,817.836,202009
GB-GOV-13,"UK – Department for Business, Energy and Industrial Strategy (BEIS)",Bilateral,Commitment,12.027,202012
GB-GOV-13,"UK – Department for Business, Energy and Industrial Strategy (BEIS)",Bilateral,Commitment,12.007,202102
GB-GOV-13,"UK – Department for Business, Energy and Industrial Strategy (BEIS)",Bilateral,Spend,3.6081,202008
GB-GOV-13,"UK – Department for Business, Energy and Industrial Strategy (BEIS)",Bilateral,Spend,8.682275797197,202009
GB-GOV-13,"UK – Department for Business, Energy and Industrial Strategy (BEIS)",Bilateral,Spend,70.83903,202010
GB-GOV-13,"UK – Department for Business, Energy and Industrial Strategy (BEIS)",Bilateral,Spend,20.3509203756,202011
GB-GOV-13,"UK – Department for Business, Energy and Industrial Strategy (BEIS)",Bilateral,Spend,9.619923772956,202012
GB-GOV-13,"UK – Department for Business, Energy and Industrial Strategy (BEIS)",Bilateral,Spend,12.2555449,202101
GB-GOV-13,"UK – Department for Business, Energy and Industrial Strategy (BEIS)",Bilateral,Spend,6.225209255,202102
GB-GOV-13,"UK – Department for Business, Energy and Industrial Strategy (BEIS)",Bilateral,Spend,31.682024718682,202103
GB-GOV-13,"UK – Department for Business, Energy and Industrial Strategy (BEIS)",Bilateral,Spend,1.3236336695,202104
GB-GOV-13,"UK – Department for Business, Energy and Industrial Strategy (BEIS)",Bilateral,Spend,4.677526946655,202106
KR-GOV-010,South Korea - Office for Government Policy Coordination,Bilateral,Commitment,2224.80905994881,202101
KR-GOV-010,South Korea - Office for Government Policy Coordination,Bilateral,Spend,683.544351766399,202106
NL-KVK-27378529,Netherlands – Enterprise Agency (RvO),Bilateral,Commitment,-2.11360862943,202008
NL-KVK-27378529,Netherlands – Enterprise Agency (RvO),Bilateral,Commitment,-0.903985594515,202009
NL-KVK-27378529,Netherlands – Enterprise Agency (RvO),Bilateral,Commitment,-0.88931837277,202010
NL-KVK-27378529,Netherlands – Enterprise Agency (RvO),Bilateral,Commitment,0.707796039374999,202011
NL-KVK-27378529,Netherlands – Enterprise Agency (RvO),Bilateral,Commitment,11.642107554225,202012
NL-KVK-27378529,Netherlands – Enterprise Agency (RvO),Bilateral,Commitment,17.473211709642,202101
NL-KVK-27378529,Netherlands – Enterprise Agency (RvO),Bilateral,Commitment,2.316553857783,202102
NL-KVK-27378529,Netherlands – Enterprise Agency (RvO),Bilateral,Commitment,-24.104280479976,202103
NL-KVK-27378529,Netherlands – Enterprise Agency (RvO),Bilateral,Commitment,-0.833056229475,202104
NL-KVK-27378529,Netherlands – Enterprise Agency (RvO),Bilateral,Commitment,-1.37858859308699,202105
NL-KVK-27378529,Netherlands – Enterprise Agency (RvO),Bilateral,Commitment,0.169333753284,202106
NL-KVK-27378529,Netherlands – Enterprise Agency (RvO),Bilateral,Commitment,6.389224841322,202107
NL-KVK-27378529,Netherlands – Enterprise Agency (RvO),Bilateral,Spend,1.34145327744,202008
NL-KVK-27378529,Netherlands – Enterprise Agency (RvO),Bilateral,Spend,5.25832972992,202009
NL-KVK-27378529,Netherlands – Enterprise Agency (RvO),Bilateral,Spend,6.059865925305,202010
NL-KVK-27378529,Netherlands – Enterprise Agency (RvO),Bilateral,Spend,3.35785469976,202011
NL-KVK-27378529,Netherlands – Enterprise Agency (RvO),Bilateral,Spend,13.29079535433,202012
NL-KVK-27378529,Netherlands – Enterprise Agency (RvO),Bilateral,Spend,1.813584235689,202101
NL-KVK-27378529,Netherlands – Enterprise Agency (RvO),Bilateral,Spend,21.27636905544,202102
NL-KVK-27378529,Netherlands – Enterprise Agency (RvO),Bilateral,Spend,3.93777659293199,202103
NL-KVK-27378529,Netherlands – Enterprise Agency (RvO),Bilateral,Spend,6.126447472866,202104
NL-KVK-27378529,Netherlands – Enterprise Agency (RvO),Bilateral,Spend,5.84801336493,202105
NL-KVK-27378529,Netherlands – Enterprise Agency (RvO),Bilateral,Spend,4.87906484774399,202106
NL-KVK-27378529,Netherlands – Enterprise Agency (RvO),Bilateral,Spend,8.912553221844,202107
NL-KVK-27378529,Netherlands – Enterprise Agency (RvO),Bilateral,Spend,0.004338576,202008
NL-KVK-27378529,Netherlands – Enterprise Agency (RvO),Bilateral,Spend,0.003592323,202009
NL-KVK-27378529,Netherlands – Enterprise Agency (RvO),Bilateral,Spend,0.001355805,202010
NL-KVK-27378529,Netherlands – Enterprise Agency (RvO),Bilateral,Spend,0.2306291535,202012
NO-BRC-917687811,Coalition for Epidemic Preparedness innovations,Multilateral,Spend,0.786223,202008
NO-BRC-917687811,Coalition for Epidemic Preparedness innovations,Multilateral,Spend,14.317328,202009
NO-BRC-917687811,Coalition for Epidemic Preparedness innovations,Multilateral,Spend,6.088584,202010
NO-BRC-917687811,Coalition for Epidemic Preparedness innovations,Multilateral,Spend,122.300797,202011
NO-BRC-917687811,Coalition for Epidemic Preparedness innovations,Multilateral,Spend,189.728249,202012
NO-BRC-917687811,Coalition for Epidemic Preparedness innovations,Multilateral,Spend,10.805229,202101
NO-BRC-917687811,Coalition for Epidemic Preparedness innovations,Multilateral,Spend,95.416568,202102
NO-BRC-917687811,Coalition for Epidemic Preparedness innovations,Multilateral,Spend,30.549869,202103
NO-BRC-917687811,Coalition for Epidemic Preparedness innovations,Multilateral,Spend,27.130391,202104
NO-BRC-917687811,Coalition for Epidemic Preparedness innovations,Multilateral,Spend,54.24469,202105
NO-BRC-917687811,Coalition for Epidemic Preparedness innovations,Multilateral,Spend,60.760954,202106
NO-BRC-917687811,Coalition for Epidemic Preparedness innovations,Multilateral,Spend,106.706446,202107
NO-BRC-971277882,Norway – Norway Agency for Development Cooperation (Norad),Bilateral,Commitment,78.980517889,202008
NO-BRC-971277882,Norway – Norway Agency for Development Cooperation (Norad),Bilateral,Commitment,87.4043798292,202009
NO-BRC-971277882,Norway – Norway Agency for Development Cooperation (Norad),Bilateral,Commitment,96.7244789154,202010
NO-BRC-971277882,Norway – Norway Agency for Development Cooperation (Norad),Bilateral,Commitment,188.1242652744,202011
NO-BRC-971277882,Norway – Norway Agency for Development Cooperation (Norad),Bilateral,Commitment,495.294476433399,202012
NO-BRC-971277882,Norway – Norway Agency for Development Cooperation (Norad),Bilateral,Commitment,285.599120128399,202101
NO-BRC-971277882,Norway – Norway Agency for Development Cooperation (Norad),Bilateral,Commitment,121.52566,202102
NO-BRC-971277882,Norway – Norway Agency for Development Cooperation (Norad),Bilateral,Commitment,5.768088529,202103
NO-BRC-971277882,Norway – Norway Agency for Development Cooperation (Norad),Bilateral,Spend,58.6459733943999,202008
NO-BRC-971277882,Norway – Norway Agency for Development Cooperation (Norad),Bilateral,Spend,157.8165316798,202009
NO-BRC-971277882,Norway – Norway Agency for Development Cooperation (Norad),Bilateral,Spend,160.1725495804,202010
NO-BRC-971277882,Norway – Norway Agency for Development Cooperation (Norad),Bilateral,Spend,539.655649019199,202011
NO-BRC-971277882,Norway – Norway Agency for Development Cooperation (Norad),Bilateral,Spend,936.345578704199,202012
NZ-1,New Zealand – Ministry of Foreign Affairs and Trade,Bilateral,Commitment,3.967752425,202008
NZ-1,New Zealand – Ministry of Foreign Affairs and Trade,Bilateral,Commitment,1.96256770892,202009
NZ-1,New Zealand – Ministry of Foreign Affairs and Trade,Bilateral,Commitment,3.90392039491999,202010
NZ-1,New Zealand – Ministry of Foreign Affairs and Trade,Bilateral,Commitment,22.30047952704,202011
NZ-1,New Zealand – Ministry of Foreign Affairs and Trade,Bilateral,Commitment,44.80875110452,202012
NZ-1,New Zealand – Ministry of Foreign Affairs and Trade,Bilateral,Commitment,12.3332915659559,202101
NZ-1,New Zealand – Ministry of Foreign Affairs and Trade,Bilateral,Commitment,10.4814083522729,202102
NZ-1,New Zealand – Ministry of Foreign Affairs and Trade,Bilateral,Commitment,0.882934521495004,202103
NZ-1,New Zealand – Ministry of Foreign Affairs and Trade,Bilateral,Commitment,9.16929392045698,202104
NZ-1,New Zealand – Ministry of Foreign Affairs and Trade,Bilateral,Commitment,35.867582541306,202105
NZ-1,New Zealand – Ministry of Foreign Affairs and Trade,Bilateral,Commitment,64.2760042700969,202106
NZ-1,New Zealand – Ministry of Foreign Affairs and Trade,Bilateral,Commitment,-26.851183795497,202107
NZ-1,New Zealand – Ministry of Foreign Affairs and Trade,Bilateral,Spend,20.75975593588,202008
NZ-1,New Zealand – Ministry of Foreign Affairs and Trade,Bilateral,Spend,33.63309007032,202009
NZ-1,New Zealand – Ministry of Foreign Affairs and Trade,Bilateral,Spend,15.5253450024399,202010
NZ-1,New Zealand – Ministry of Foreign Affairs and Trade,Bilateral,Spend,23.27638034956,202011
NZ-1,New Zealand – Ministry of Foreign Affairs and Trade,Bilateral,Spend,40.35610185828,202012
NZ-1,New Zealand – Ministry of Foreign Affairs and Trade,Bilateral,Spend,28.584412268928,202101
NZ-1,New Zealand – Ministry of Foreign Affairs and Trade,Bilateral,Spend,41.27778878391,202102
NZ-1,New Zealand – Ministry of Foreign Affairs and Trade,Bilateral,Spend,32.164367087259,202103
NZ-1,New Zealand – Ministry of Foreign Affairs and Trade,Bilateral,Spend,51.772368411573,202104
NZ-1,New Zealand – Ministry of Foreign Affairs and Trade,Bilateral,Spend,61.7683039217611,202105
NZ-1,New Zealand – Ministry of Foreign Affairs and Trade,Bilateral,Spend,149.204066625305,202106
NZ-1,New Zealand – Ministry of Foreign Affairs and Trade,Bilateral,Spend,62.571144594951,202107
SE-0,Sweden,Bilateral,Commitment,36.1376175119568,202008
SE-0,Sweden,Bilateral,Commitment,85.4671162219917,202009
SE-0,Sweden,Bilateral,Commitment,78.1089937576363,202010
SE-0,Sweden,Bilateral,Commitment,234.334949781169,202011
SE-0,Sweden,Bilateral,Commitment,314.192788364375,202012
SE-0,Sweden,Bilateral,Commitment,1747.18273970324,202101
SE-0,Sweden,Bilateral,Commitment,73.6221317740883,202102
SE-0,Sweden,Bilateral,Commitment,95.5288716244467,202103
SE-0,Sweden,Bilateral,Commitment,143.142786844266,202104
SE-0,Sweden,Bilateral,Commitment,72.1286518561749,202105
SE-0,Sweden,Bilateral,Commitment,117.374673985012,202106
SE-0,Sweden,Bilateral,Commitment,129.159326145238,202107
SE-0,Sweden,Bilateral,Spend,160.450725967186,202008
SE-0,Sweden,Bilateral,Spend,253.646494666492,202009
SE-0,Sweden,Bilateral,Spend,278.619379799559,202010
SE-0,Sweden,Bilateral,Spend,391.304537001206,202011
SE-0,Sweden,Bilateral,Spend,602.559363112806,202012
SE-0,Sweden,Bilateral,Spend,528.546931138908,202101
SE-0,Sweden,Bilateral,Spend,133.565438107647,202102
SE-0,Sweden,Bilateral,Spend,1038.62747718166,202103
SE-0,Sweden,Bilateral,Spend,403.142787157019,202104
SE-0,Sweden,Bilateral,Spend,258.800901850223,202105
SE-0,Sweden,Bilateral,Spend,309.185823711956,202106
SE-0,Sweden,Bilateral,Spend,242.619883204664,202107
SE-0,Sweden,Bilateral,Spend,0.250671963256132,202008
SE-0,Sweden,Bilateral,Spend,0.347646661671932,202009
SE-0,Sweden,Bilateral,Spend,0.63343641921018,202010
SE-0,Sweden,Bilateral,Spend,0.868903472425811,202011
SE-0,Sweden,Bilateral,Spend,0.963581136193361,202012
SE-0,Sweden,Bilateral,Spend,1.23351889963842,202101
SE-0,Sweden,Bilateral,Spend,0.301774429134499,202102
SE-0,Sweden,Bilateral,Spend,0.44093864403835,202103
SE-0,Sweden,Bilateral,Spend,0.558264107408493,202104
SE-0,Sweden,Bilateral,Spend,0.50151182014615,202105
SE-0,Sweden,Bilateral,Spend,0.458182967957696,202106
SE-0,Sweden,Bilateral,Spend,0.515262801177019,202107
US-18,US - Millennium Challenge Corporation,Bilateral,Commitment,108.540587719999,202009
US-18,US - Millennium Challenge Corporation,Bilateral,Commitment,64.3563949,202012
US-18,US - Millennium Challenge Corporation,Bilateral,Commitment,368.38843712,202103
US-18,US - Millennium Challenge Corporation,Bilateral,Commitment,34.5489852499999,202106
US-18,US - Millennium Challenge Corporation,Bilateral,Spend,160.93100291,202009
US-18,US - Millennium Challenge Corporation,Bilateral,Spend,174.85192677,202012
US-18,US - Millennium Challenge Corporation,Bilateral,Spend,152.96424242,202103
US-18,US - Millennium Challenge Corporation,Bilateral,Spend,199.475414489999,202106
US-GOV-1,US – US Agency for International Development (USAID),Bilateral,Commitment,487.34491473,202008
US-GOV-1,US – US Agency for International Development (USAID),Bilateral,Commitment,8012.74280311,202009
US-GOV-1,US – US Agency for International Development (USAID),Bilateral,Commitment,0.82933273,202010
US-GOV-1,US – US Agency for International Development (USAID),Bilateral,Commitment,340.92411325,202011
US-GOV-1,US – US Agency for International Development (USAID),Bilateral,Commitment,2377.04533407001,202012
US-GOV-1,US – US Agency for International Development (USAID),Bilateral,Commitment,68.45065951,202101
US-GOV-1,US – US Agency for International Development (USAID),Bilateral,Commitment,314.44519679,202102
US-GOV-1,US – US Agency for International Development (USAID),Bilateral,Commitment,5352.65520266999,202103
US-GOV-1,US – US Agency for International Development (USAID),Bilateral,Commitment,248.79094657,202104
US-GOV-1,US – US Agency for International Development (USAID),Bilateral,Commitment,384.04790116,202105
US-GOV-1,US – US Agency for International Development (USAID),Bilateral,Commitment,4328.66751365001,202106
US-GOV-1,US – US Agency for International Development (USAID),Bilateral,Commitment,5605.57291422,202107
US-GOV-1,US – US Agency for International Development (USAID),Bilateral,Spend,926.648024090001,202008
US-GOV-1,US – US Agency for International Development (USAID),Bilateral,Spend,3827.03612091,202009
US-GOV-1,US – US Agency for International Development (USAID),Bilateral,Spend,1489.86321417999,202010
US-GOV-1,US – US Agency for International Development (USAID),Bilateral,Spend,1153.02850277999,202011
US-GOV-1,US – US Agency for International Development (USAID),Bilateral,Spend,2582.23371647001,202012
US-GOV-1,US – US Agency for International Development (USAID),Bilateral,Spend,270.68394423,202101
US-GOV-1,US – US Agency for International Development (USAID),Bilateral,Spend,1251.04309931999,202102
US-GOV-1,US – US Agency for International Development (USAID),Bilateral,Spend,5410.81987233001,202103
US-GOV-1,US – US Agency for International Development (USAID),Bilateral,Spend,415.11811607,202104
US-GOV-1,US – US Agency for International Development (USAID),Bilateral,Spend,886.06273903,202105
US-GOV-1,US – US Agency for International Development (USAID),Bilateral,Spend,3445.61608867,202106
US-GOV-1,US – US Agency for International Development (USAID),Bilateral,Spend,2282.83870504999,202107
US-USAGOV,US – The Federal Government of the United States,Bilateral,Commitment,1729.20596966,202008
US-USAGOV,US – The Federal Government of the United States,Bilateral,Commitment,5361.27916414999,202009
US-USAGOV,US – The Federal Government of the United States,Bilateral,Commitment,4245.17863686999,202010
US-USAGOV,US – The Federal Government of the United States,Bilateral,Commitment,490.10719186,202011
US-USAGOV,US – The Federal Government of the United States,Bilateral,Commitment,2781.87534992999,202012
US-USAGOV,US – The Federal Government of the United States,Bilateral,Commitment,140.744404579999,202101
US-USAGOV,US – The Federal Government of the United States,Bilateral,Commitment,26.68665658,202102
US-USAGOV,US – The Federal Government of the United States,Bilateral,Commitment,811.85373954,202103
US-USAGOV,US – The Federal Government of the United States,Bilateral,Commitment,2.17998125,202104
US-USAGOV,US – The Federal Government of the United States,Bilateral,Commitment,0.65,202105
US-USAGOV,US – The Federal Government of the United States,Bilateral,Commitment,3.674534,202106
US-USAGOV,US – The Federal Government of the United States,Bilateral,Spend,1341.23350458999,202008
US-USAGOV,US – The Federal Government of the United States,Bilateral,Spend,2186.22742533999,202009
US-USAGOV,US – The Federal Government of the United States,Bilateral,Spend,368.824179869999,202010
US-USAGOV,US – The Federal Government of the United States,Bilateral,Spend,370.77127971,202011
US-USAGOV,US – The Federal Government of the United States,Bilateral,Spend,869.64732659,202012
US-USAGOV,US – The Federal Government of the United States,Bilateral,Spend,115.9986069,202101
US-USAGOV,US – The Federal Government of the United States,Bilateral,Spend,145.4614684,202102
US-USAGOV,US – The Federal Government of the United States,Bilateral,Spend,1003.29519754999,202103
US-USAGOV,US – The Federal Government of the United States,Bilateral,Spend,1.90857059999999,202104
US-USAGOV,US – The Federal Government of the United States,Bilateral,Spend,0.4983345,202106
US-USAGOV,US – The Federal Government of the United States,Bilateral,Spend,0.92866508,202008
US-USAGOV,US – The Federal Government of the United States,Bilateral,Spend,3804.99367439,202009
US-USAGOV,US – The Federal Government of the United States,Bilateral,Spend,2.36925993,202010
US-USAGOV,US – The Federal Government of the United States,Bilateral,Spend,0.50615221,202011
US-USAGOV,US – The Federal Government of the United States,Bilateral,Spend,19.9056137,202012
US-USAGOV,US – The Federal Government of the United States,Bilateral,Spend,2.26605941,202101
US-USAGOV,US – The Federal Government of the United States,Bilateral,Spend,0.57999828,202102
US-USAGOV,US – The Federal Government of the United States,Bilateral,Spend,40.52671851,202103
XI-BRIDGE-6385676864,Global Environment Facility,Multilateral,Commitment,27.294702,202008
XI-BRIDGE-6385676864,Global Environment Facility,Multilateral,Commitment,42.457204,202009
XI-BRIDGE-6385676864,Global Environment Facility,Multilateral,Commitment,16.294371,202010
XI-BRIDGE-6385676864,Global Environment Facility,Multilateral,Commitment,12.569425,202011
XI-BRIDGE-6385676864,Global Environment Facility,Multilateral,Commitment,31.637152,202012
XI-BRIDGE-6385676864,Global Environment Facility,Multilateral,Commitment,23.902728,202101
XI-BRIDGE-6385676864,Global Environment Facility,Multilateral,Commitment,39.143334,202102
XI-BRIDGE-6385676864,Global Environment Facility,Multilateral,Commitment,90.254291,202103
XI-BRIDGE-6385676864,Global Environment Facility,Multilateral,Commitment,59.235586,202104
XI-BRIDGE-6385676864,Global Environment Facility,Multilateral,Commitment,147.181094,202105
XI-BRIDGE-6385676864,Global Environment Facility,Multilateral,Commitment,342.166234,202106
XI-BRIDGE-6385676864,Global Environment Facility,Multilateral,Commitment,42.48454,202107
XI-BRIDGE-6385676864,Global Environment Facility,Multilateral,Spend,76.073921,202008
XI-BRIDGE-6385676864,Global Environment Facility,Multilateral,Spend,982.017709,202009
XI-BRIDGE-6385676864,Global Environment Facility,Multilateral,Spend,17.969035,202010
XI-BRIDGE-6385676864,Global Environment Facility,Multilateral,Spend,51.419587,202011
XI-BRIDGE-6385676864,Global Environment Facility,Multilateral,Spend,7.072748,202103
XI-BRIDGE-6385676864,Global Environment Facility,Multilateral,Spend,21.06596,202104
XI-BRIDGE-6385676864,Global Environment Facility,Multilateral,Spend,-8.625926,202105
XI-BRIDGE-6385676864,Global Environment Facility,Multilateral,Spend,-2.065341,202106
XI-BRIDGE-6385676864,Global Environment Facility,Multilateral,Spend,0.89278,202107
XI-IATI-EBRD,European Bank for Reconstruction and Development (EBRD),IFI,Commitment,836.53124058729,202008
XI-IATI-EBRD,European Bank for Reconstruction and Development (EBRD),IFI,Commitment,519.11934411447,202009
XI-IATI-EBRD,European Bank for Reconstruction and Development (EBRD),IFI,Commitment,536.94577471122,202010
XI-IATI-EBRD,European Bank for Reconstruction and Development (EBRD),IFI,Commitment,547.64481089691,202011
XI-IATI-EBRD,European Bank for Reconstruction and Development (EBRD),IFI,Commitment,1263.60932051677,202012
XI-IATI-EBRD,European Bank for Reconstruction and Development (EBRD),IFI,Commitment,199.707341122062,202101
XI-IATI-EBRD,European Bank for Reconstruction and Development (EBRD),IFI,Commitment,222.840913370327,202102
XI-IATI-EBRD,European Bank for Reconstruction and Development (EBRD),IFI,Commitment,634.379929209603,202103
XI-IATI-EBRD,European Bank for Reconstruction and Development (EBRD),IFI,Commitment,502.18022241476,202104
XI-IATI-EBRD,European Bank for Reconstruction and Development (EBRD),IFI,Commitment,205.837200471285,202105
XI-IATI-EBRD,European Bank for Reconstruction and Development (EBRD),IFI,Commitment,1030.3936941582,202106
XI-IATI-EBRD,European Bank for Reconstruction and Development (EBRD),IFI,Commitment,449.709634755639,202107
XI-IATI-EBRD,European Bank for Reconstruction and Development (EBRD),IFI,Spend,34.070567097015,202008
XI-IATI-EBRD,European Bank for Reconstruction and Development (EBRD),IFI,Spend,191.167512606764,202009
XI-IATI-EBRD,European Bank for Reconstruction and Development (EBRD),IFI,Spend,411.236483536035,202010
XI-IATI-EBRD,European Bank for Reconstruction and Development (EBRD),IFI,Spend,94.5744464709,202011
XI-IATI-EBRD,European Bank for Reconstruction and Development (EBRD),IFI,Spend,134.936825200605,202012
XI-IATI-EBRD,European Bank for Reconstruction and Development (EBRD),IFI,Spend,61.695023785299,202101
XI-IATI-EBRD,European Bank for Reconstruction and Development (EBRD),IFI,Spend,303.930812095344,202102
XI-IATI-EBRD,European Bank for Reconstruction and Development (EBRD),IFI,Spend,159.126296875083,202103
XI-IATI-EBRD,European Bank for Reconstruction and Development (EBRD),IFI,Spend,181.531892868525,202104
XI-IATI-EBRD,European Bank for Reconstruction and Development (EBRD),IFI,Spend,28.984835770218,202105
XI-IATI-EBRD,European Bank for Reconstruction and Development (EBRD),IFI,Spend,97.2291171219209,202106
XI-IATI-EBRD,European Bank for Reconstruction and Development (EBRD),IFI,Spend,99.2256812135099,202107
XI-IATI-EC_ECHO,EC – European Civil Protection and Humanitarian Aid Operations (ECHO),Bilateral,Commitment,3.3615,202008
XI-IATI-EC_ECHO,EC – European Civil Protection and Humanitarian Aid Operations (ECHO),Bilateral,Commitment,11.76525,202010
XI-IATI-EC_ECHO,EC – European Civil Protection and Humanitarian Aid Operations (ECHO),Bilateral,Commitment,0.56025,202011
XI-IATI-EC_ECHO,EC – European Civil Protection and Humanitarian Aid Operations (ECHO),Bilateral,Commitment,0.395955,202103
XI-IATI-EC_ECHO,EC – European Civil Protection and Humanitarian Aid Operations (ECHO),Bilateral,Commitment,8.93727,202104
XI-IATI-EC_ECHO,EC – European Civil Protection and Humanitarian Aid Operations (ECHO),Bilateral,Commitment,17.184447,202105
XI-IATI-EC_ECHO,EC – European Civil Protection and Humanitarian Aid Operations (ECHO),Bilateral,Commitment,24.1421863607999,202106
XI-IATI-EC_ECHO,EC – European Civil Protection and Humanitarian Aid Operations (ECHO),Bilateral,Commitment,57.6962999999999,202107
XI-IATI-EC_ECHO,EC – European Civil Protection and Humanitarian Aid Operations (ECHO),Bilateral,Spend,6.541479,202008
XI-IATI-EC_ECHO,EC – European Civil Protection and Humanitarian Aid Operations (ECHO),Bilateral,Spend,9.68818616433,202011
XI-IATI-EC_ECHO,EC – European Civil Protection and Humanitarian Aid Operations (ECHO),Bilateral,Spend,0.4482,202012
XI-IATI-EC_ECHO,EC – European Civil Protection and Humanitarian Aid Operations (ECHO),Bilateral,Spend,0.138787227846,202104
XI-IATI-EC_ECHO,EC – European Civil Protection and Humanitarian Aid Operations (ECHO),Bilateral,Spend,4.355505,202105
XI-IATI-EC_ECHO,EC – European Civil Protection and Humanitarian Aid Operations (ECHO),Bilateral,Spend,13.3810163999999,202106
XI-IATI-EC_ECHO,EC – European Civil Protection and Humanitarian Aid Operations (ECHO),Bilateral,Spend,24.2279208,202107
XI-IATI-EC_FPI,EC – Service for Foreign Policy Instruments (FPI),Bilateral,Commitment,14.812824501225,202008
XI-IATI-EC_FPI,EC – Service for Foreign Policy Instruments (FPI),Bilateral,Commitment,-15.55886865123,202009
XI-IATI-EC_FPI,EC – Service for Foreign Policy Instruments (FPI),Bilateral,Commitment,7.344076039965,202010
XI-IATI-EC_FPI,EC – Service for Foreign Policy Instruments (FPI),Bilateral,Commitment,17.908279928325,202011
XI-IATI-EC_FPI,EC – Service for Foreign Policy Instruments (FPI),Bilateral,Commitment,20.202365431035,202012
XI-IATI-EC_FPI,EC – Service for Foreign Policy Instruments (FPI),Bilateral,Commitment,-3.722791354992,202102
XI-IATI-EC_FPI,EC – Service for Foreign Policy Instruments (FPI),Bilateral,Commitment,-12.060645545709,202103
XI-IATI-EC_FPI,EC – Service for Foreign Policy Instruments (FPI),Bilateral,Commitment,-0.4505594571,202104
XI-IATI-EC_FPI,EC – Service for Foreign Policy Instruments (FPI),Bilateral,Commitment,-0.031426688151,202105
XI-IATI-EC_FPI,EC – Service for Foreign Policy Instruments (FPI),Bilateral,Commitment,-0.248389268796,202106
XI-IATI-EC_FPI,EC – Service for Foreign Policy Instruments (FPI),Bilateral,Commitment,45.70452,202107
XI-IATI-EC_FPI,EC – Service for Foreign Policy Instruments (FPI),Bilateral,Spend,43.616907463185,202008
XI-IATI-EC_FPI,EC – Service for Foreign Policy Instruments (FPI),Bilateral,Spend,24.753663089685,202009
XI-IATI-EC_FPI,EC – Service for Foreign Policy Instruments (FPI),Bilateral,Spend,9.93895247322,202010
XI-IATI-EC_FPI,EC – Service for Foreign Policy Instruments (FPI),Bilateral,Spend,37.17279922968,202011
XI-IATI-EC_FPI,EC – Service for Foreign Policy Instruments (FPI),Bilateral,Spend,56.009299049775,202012
XI-IATI-EC_FPI,EC – Service for Foreign Policy Instruments (FPI),Bilateral,Spend,18.544056960852,202101
XI-IATI-EC_FPI,EC – Service for Foreign Policy Instruments (FPI),Bilateral,Spend,36.001602529911,202102
XI-IATI-EC_FPI,EC – Service for Foreign Policy Instruments (FPI),Bilateral,Spend,21.141206693802,202103
XI-IATI-EC_FPI,EC – Service for Foreign Policy Instruments (FPI),Bilateral,Spend,20.7988396326,202104
XI-IATI-EC_FPI,EC – Service for Foreign Policy Instruments (FPI),Bilateral,Spend,24.575629656168,202105
XI-IATI-EC_FPI,EC – Service for Foreign Policy Instruments (FPI),Bilateral,Spend,17.800924634676,202106
XI-IATI-EC_FPI,EC – Service for Foreign Policy Instruments (FPI),Bilateral,Spend,7.96176354034799,202107
XI-IATI-EC_FPI,EC – Service for Foreign Policy Instruments (FPI),Bilateral,Spend,5.80536710766,202008
XI-IATI-EC_FPI,EC – Service for Foreign Policy Instruments (FPI),Bilateral,Spend,9.756124600455,202009
XI-IATI-EC_FPI,EC – Service for Foreign Policy Instruments (FPI),Bilateral,Spend,9.45117848614499,202010
XI-IATI-EC_FPI,EC – Service for Foreign Policy Instruments (FPI),Bilateral,Spend,5.12060732694,202011
XI-IATI-EC_FPI,EC – Service for Foreign Policy Instruments (FPI),Bilateral,Spend,7.84473427557,202012
XI-IATI-EC_FPI,EC – Service for Foreign Policy Instruments (FPI),Bilateral,Spend,8.882879652738,202101
XI-IATI-EC_FPI,EC – Service for Foreign Policy Instruments (FPI),Bilateral,Spend,7.059051450297,202102
XI-IATI-EC_FPI,EC – Service for Foreign Policy Instruments (FPI),Bilateral,Spend,12.650226081678,202103
XI-IATI-EC_FPI,EC – Service for Foreign Policy Instruments (FPI),Bilateral,Spend,5.191867408473,202104
XI-IATI-EC_FPI,EC – Service for Foreign Policy Instruments (FPI),Bilateral,Spend,5.722878699423,202105
XI-IATI-EC_FPI,EC – Service for Foreign Policy Instruments (FPI),Bilateral,Spend,8.525949423201,202106
XI-IATI-EC_FPI,EC – Service for Foreign Policy Instruments (FPI),Bilateral,Spend,3.642702826824,202107
XI-IATI-EC_INTPA,EC - International Partnerships,Bilateral,Commitment,875.73736450935,202008
XI-IATI-EC_INTPA,EC - International Partnerships,Bilateral,Commitment,728.93820924477,202009
XI-IATI-EC_INTPA,EC - International Partnerships,Bilateral,Commitment,307.9376142291,202010
XI-IATI-EC_INTPA,EC - International Partnerships,Bilateral,Commitment,426.009270028724,202011
XI-IATI-EC_INTPA,EC - International Partnerships,Bilateral,Commitment,1184.7347399182,202012
XI-IATI-EC_INTPA,EC - International Partnerships,Bilateral,Commitment,-3.558046120569,202101
XI-IATI-EC_INTPA,EC - International Partnerships,Bilateral,Commitment,-6.64824388410899,202102
XI-IATI-EC_INTPA,EC - International Partnerships,Bilateral,Commitment,-21.709484013609,202103
XI-IATI-EC_INTPA,EC - International Partnerships,Bilateral,Commitment,-18.9591847920449,202104
XI-IATI-EC_INTPA,EC - International Partnerships,Bilateral,Commitment,-52.8859744222589,202105
XI-IATI-EC_INTPA,EC - International Partnerships,Bilateral,Commitment,-50.4545508852749,202106
XI-IATI-EC_INTPA,EC - International Partnerships,Bilateral,Commitment,-7.448921097093,202107
XI-IATI-EC_INTPA,EC - International Partnerships,Bilateral,Spend,358.762250462895,202008
XI-IATI-EC_INTPA,EC - International Partnerships,Bilateral,Spend,361.748716109955,202009
XI-IATI-EC_INTPA,EC - International Partnerships,Bilateral,Spend,484.410392961344,202010
XI-IATI-EC_INTPA,EC - International Partnerships,Bilateral,Spend,768.387719336085,202011
XI-IATI-EC_INTPA,EC - International Partnerships,Bilateral,Spend,1478.66243549584,202012
XI-IATI-EC_INTPA,EC - International Partnerships,Bilateral,Spend,354.995431257771,202101
XI-IATI-EC_INTPA,EC - International Partnerships,Bilateral,Spend,339.23634095124,202102
XI-IATI-EC_INTPA,EC - International Partnerships,Bilateral,Spend,527.915156587892,202103
XI-IATI-EC_INTPA,EC - International Partnerships,Bilateral,Spend,273.608046190206,202104
XI-IATI-EC_INTPA,EC - International Partnerships,Bilateral,Spend,229.719096423044,202105
XI-IATI-EC_INTPA,EC - International Partnerships,Bilateral,Spend,452.623034109105,202106
XI-IATI-EC_INTPA,EC - International Partnerships,Bilateral,Spend,393.796072456442,202107
XI-IATI-EC_INTPA,EC - International Partnerships,Bilateral,Spend,46.2083787641699,202008
XI-IATI-EC_INTPA,EC - International Partnerships,Bilateral,Spend,52.368481952685,202009
XI-IATI-EC_INTPA,EC - International Partnerships,Bilateral,Spend,59.259173271075,202010
XI-IATI-EC_INTPA,EC - International Partnerships,Bilateral,Spend,60.80343623055,202011
XI-IATI-EC_INTPA,EC - International Partnerships,Bilateral,Spend,78.3473228919,202012
XI-IATI-EC_INTPA,EC - International Partnerships,Bilateral,Spend,17.6021651461769,202101
XI-IATI-EC_INTPA,EC - International Partnerships,Bilateral,Spend,41.7825594901529,202102
XI-IATI-EC_INTPA,EC - International Partnerships,Bilateral,Spend,56.4868198731149,202103
XI-IATI-EC_INTPA,EC - International Partnerships,Bilateral,Spend,53.6016780744839,202104
XI-IATI-EC_INTPA,EC - International Partnerships,Bilateral,Spend,54.539199994023,202105
XI-IATI-EC_INTPA,EC - International Partnerships,Bilateral,Spend,40.191359805306,202106
XI-IATI-EC_INTPA,EC - International Partnerships,Bilateral,Spend,53.2369970937,202107
XI-IATI-EC_NEAR,EC – Directorate-General for Neighbourhood and Enlargement Negotiations (DG NEAR),Bilateral,Commitment,520.97933397816,202008
XI-IATI-EC_NEAR,EC – Directorate-General for Neighbourhood and Enlargement Negotiations (DG NEAR),Bilateral,Commitment,203.95499366988,202009
XI-IATI-EC_NEAR,EC – Directorate-General for Neighbourhood and Enlargement Negotiations (DG NEAR),Bilateral,Commitment,358.61443785657,202010
XI-IATI-EC_NEAR,EC – Directorate-General for Neighbourhood and Enlargement Negotiations (DG NEAR),Bilateral,Commitment,106.953058271745,202011
XI-IATI-EC_NEAR,EC – Directorate-General for Neighbourhood and Enlargement Negotiations (DG NEAR),Bilateral,Commitment,438.147501110234,202012
XI-IATI-EC_NEAR,EC – Directorate-General for Neighbourhood and Enlargement Negotiations (DG NEAR),Bilateral,Commitment,-1.39519477609199,202102
XI-IATI-EC_NEAR,EC – Directorate-General for Neighbourhood and Enlargement Negotiations (DG NEAR),Bilateral,Commitment,-65.361989320398,202103
XI-IATI-EC_NEAR,EC – Directorate-General for Neighbourhood and Enlargement Negotiations (DG NEAR),Bilateral,Commitment,-14.503900399101,202104
XI-IATI-EC_NEAR,EC – Directorate-General for Neighbourhood and Enlargement Negotiations (DG NEAR),Bilateral,Commitment,-2.5591997088,202105
XI-IATI-EC_NEAR,EC – Directorate-General for Neighbourhood and Enlargement Negotiations (DG NEAR),Bilateral,Commitment,-32.359582374759,202106
XI-IATI-EC_NEAR,EC – Directorate-General for Neighbourhood and Enlargement Negotiations (DG NEAR),Bilateral,Commitment,-11.1261089119229,202107
XI-IATI-EC_NEAR,EC – Directorate-General for Neighbourhood and Enlargement Negotiations (DG NEAR),Bilateral,Spend,315.62461719873,202008
XI-IATI-EC_NEAR,EC – Directorate-General for Neighbourhood and Enlargement Negotiations (DG NEAR),Bilateral,Spend,127.748005517384,202009
XI-IATI-EC_NEAR,EC – Directorate-General for Neighbourhood and Enlargement Negotiations (DG NEAR),Bilateral,Spend,152.083476527084,202010
XI-IATI-EC_NEAR,EC – Directorate-General for Neighbourhood and Enlargement Negotiations (DG NEAR),Bilateral,Spend,261.060791049405,202011
XI-IATI-EC_NEAR,EC – Directorate-General for Neighbourhood and Enlargement Negotiations (DG NEAR),Bilateral,Spend,1141.08284316176,202012
XI-IATI-EC_NEAR,EC – Directorate-General for Neighbourhood and Enlargement Negotiations (DG NEAR),Bilateral,Spend,176.225518645325,202101
XI-IATI-EC_NEAR,EC – Directorate-General for Neighbourhood and Enlargement Negotiations (DG NEAR),Bilateral,Spend,258.84760928435,202102
XI-IATI-EC_NEAR,EC – Directorate-General for Neighbourhood and Enlargement Negotiations (DG NEAR),Bilateral,Spend,352.728525235833,202103
XI-IATI-EC_NEAR,EC – Directorate-General for Neighbourhood and Enlargement Negotiations (DG NEAR),Bilateral,Spend,172.51303865994,202104
XI-IATI-EC_NEAR,EC – Directorate-General for Neighbourhood and Enlargement Negotiations (DG NEAR),Bilateral,Spend,146.474360720325,202105
XI-IATI-EC_NEAR,EC – Directorate-General for Neighbourhood and Enlargement Negotiations (DG NEAR),Bilateral,Spend,233.648656644276,202106
XI-IATI-EC_NEAR,EC – Directorate-General for Neighbourhood and Enlargement Negotiations (DG NEAR),Bilateral,Spend,378.5987436003,202107
XI-IATI-EC_NEAR,EC – Directorate-General for Neighbourhood and Enlargement Negotiations (DG NEAR),Bilateral,Spend,19.7096182615799,202008
XI-IATI-EC_NEAR,EC – Directorate-General for Neighbourhood and Enlargement Negotiations (DG NEAR),Bilateral,Spend,29.14385166153,202009
XI-IATI-EC_NEAR,EC – Directorate-General for Neighbourhood and Enlargement Negotiations (DG NEAR),Bilateral,Spend,34.443853156215,202010
XI-IATI-EC_NEAR,EC – Directorate-General for Neighbourhood and Enlargement Negotiations (DG NEAR),Bilateral,Spend,28.37003512347,202011
XI-IATI-EC_NEAR,EC – Directorate-General for Neighbourhood and Enlargement Negotiations (DG NEAR),Bilateral,Spend,46.56110669613,202012
XI-IATI-EC_NEAR,EC – Directorate-General for Neighbourhood and Enlargement Negotiations (DG NEAR),Bilateral,Spend,17.848691412759,202101
XI-IATI-EC_NEAR,EC – Directorate-General for Neighbourhood and Enlargement Negotiations (DG NEAR),Bilateral,Spend,17.272514779389,202102
XI-IATI-EC_NEAR,EC – Directorate-General for Neighbourhood and Enlargement Negotiations (DG NEAR),Bilateral,Spend,25.9649322372179,202103
XI-IATI-EC_NEAR,EC – Directorate-General for Neighbourhood and Enlargement Negotiations (DG NEAR),Bilateral,Spend,30.9546974145779,202104
XI-IATI-EC_NEAR,EC – Directorate-General for Neighbourhood and Enlargement Negotiations (DG NEAR),Bilateral,Spend,16.70768358039,202105
XI-IATI-EC_NEAR,EC – Directorate-General for Neighbourhood and Enlargement Negotiations (DG NEAR),Bilateral,Spend,23.651879730309,202106
XI-IATI-EC_NEAR,EC – Directorate-General for Neighbourhood and Enlargement Negotiations (DG NEAR),Bilateral,Spend,21.2905167651629,202107
XI-IATI-WBTF,World Bank Trust Funds,IFI,Commitment,6.58425717,202008
XI-IATI-WBTF,World Bank Trust Funds,IFI,Commitment,4.55,202009
XI-IATI-WBTF,World Bank Trust Funds,IFI,Commitment,39.18563316,202010
XI-IATI-WBTF,World Bank Trust Funds,IFI,Commitment,52.22197741,202011
XI-IATI-WBTF,World Bank Trust Funds,IFI,Commitment,7.86573054,202012
XI-IATI-WBTF,World Bank Trust Funds,IFI,Commitment,-7.11330443,202101
XI-IATI-WBTF,World Bank Trust Funds,IFI,Commitment,39.4256860899999,202102
XI-IATI-WBTF,World Bank Trust Funds,IFI,Commitment,35.25,202103
XI-IATI-WBTF,World Bank Trust Funds,IFI,Commitment,19.97778427,202104
XI-IATI-WBTF,World Bank Trust Funds,IFI,Commitment,36.6022414299999,202105
XI-IATI-WBTF,World Bank Trust Funds,IFI,Commitment,2.82603289,202106
XI-IATI-WBTF,World Bank Trust Funds,IFI,Spend,29.8405046699999,202008
XI-IATI-WBTF,World Bank Trust Funds,IFI,Spend,67.35734794,202009
XI-IATI-WBTF,World Bank Trust Funds,IFI,Spend,64.5121113699999,202010
XI-IATI-WBTF,World Bank Trust Funds,IFI,Spend,47.77934714,202011
XI-IATI-WBTF,World Bank Trust Funds,IFI,Spend,107.019257909999,202012
XI-IATI-WBTF,World Bank Trust Funds,IFI,Spend,38.2250244799999,202101
XI-IATI-WBTF,World Bank Trust Funds,IFI,Spend,24.04714363,202102
XI-IATI-WBTF,World Bank Trust Funds,IFI,Spend,72.75352224,202103
XI-IATI-WBTF,World Bank Trust Funds,IFI,Spend,44.07906901,202104
XI-IATI-WBTF,World Bank Trust Funds,IFI,Spend,29.96342189,202105
XI-IATI-WBTF,World Bank Trust Funds,IFI,Spend,108.105104009999,202106
XM-DAC-2-10,Belgium – Directorate-General for Development Cooperation and Humanitarian Aid (DGD),Bilateral,Commitment,107.420498959905,202008
XM-DAC-2-10,Belgium – Directorate-General for Development Cooperation and Humanitarian Aid (DGD),Bilateral,Commitment,135.27902456721,202009
XM-DAC-2-10,Belgium – Directorate-General for Development Cooperation and Humanitarian Aid (DGD),Bilateral,Commitment,0.272393090595,202010
XM-DAC-2-10,Belgium – Directorate-General for Development Cooperation and Humanitarian Aid (DGD),Bilateral,Commitment,144.545377878135,202011
XM-DAC-2-10,Belgium – Directorate-General for Development Cooperation and Humanitarian Aid (DGD),Bilateral,Commitment,553.354354984725,202012
XM-DAC-2-10,Belgium – Directorate-General for Development Cooperation and Humanitarian Aid (DGD),Bilateral,Commitment,755.102900002752,202101
XM-DAC-2-10,Belgium – Directorate-General for Development Cooperation and Humanitarian Aid (DGD),Bilateral,Commitment,604.629698509394,202102
XM-DAC-2-10,Belgium – Directorate-General for Development Cooperation and Humanitarian Aid (DGD),Bilateral,Commitment,72.71950853862,202103
XM-DAC-2-10,Belgium – Directorate-General for Development Cooperation and Humanitarian Aid (DGD),Bilateral,Commitment,959.961224697534,202104
XM-DAC-2-10,Belgium – Directorate-General for Development Cooperation and Humanitarian Aid (DGD),Bilateral,Commitment,388.344934064673,202105
XM-DAC-2-10,Belgium – Directorate-General for Development Cooperation and Humanitarian Aid (DGD),Bilateral,Commitment,67.996323515475,202106
XM-DAC-2-10,Belgium – Directorate-General for Development Cooperation and Humanitarian Aid (DGD),Bilateral,Commitment,498.216517738136,202107
XM-DAC-2-10,Belgium – Directorate-General for Development Cooperation and Humanitarian Aid (DGD),Bilateral,Spend,57.5130760808399,202008
XM-DAC-2-10,Belgium – Directorate-General for Development Cooperation and Humanitarian Aid (DGD),Bilateral,Spend,80.2828720035449,202009
XM-DAC-2-10,Belgium – Directorate-General for Development Cooperation and Humanitarian Aid (DGD),Bilateral,Spend,51.196814858025,202010
XM-DAC-2-10,Belgium – Directorate-General for Development Cooperation and Humanitarian Aid (DGD),Bilateral,Spend,153.11495837097,202011
XM-DAC-2-10,Belgium – Directorate-General for Development Cooperation and Humanitarian Aid (DGD),Bilateral,Spend,232.216520111189,202012
XM-DAC-2-10,Belgium – Directorate-General for Development Cooperation and Humanitarian Aid (DGD),Bilateral,Spend,108.713204571213,202101
XM-DAC-2-10,Belgium – Directorate-General for Development Cooperation and Humanitarian Aid (DGD),Bilateral,Spend,151.814479676688,202102
XM-DAC-2-10,Belgium – Directorate-General for Development Cooperation and Humanitarian Aid (DGD),Bilateral,Spend,171.223478648019,202103
XM-DAC-2-10,Belgium – Directorate-General for Development Cooperation and Humanitarian Aid (DGD),Bilateral,Spend,82.08591581205,202104
XM-DAC-2-10,Belgium – Directorate-General for Development Cooperation and Humanitarian Aid (DGD),Bilateral,Spend,57.790428628635,202105
XM-DAC-2-10,Belgium – Directorate-General for Development Cooperation and Humanitarian Aid (DGD),Bilateral,Spend,169.86097053414,202106
XM-DAC-2-10,Belgium – Directorate-General for Development Cooperation and Humanitarian Aid (DGD),Bilateral,Spend,56.359238307525,202107
XM-DAC-21016,International Committee of the Red Cross (ICRC),Multilateral,Spend,152.108134332463,202008
XM-DAC-21016,International Committee of the Red Cross (ICRC),Multilateral,Spend,159.046003490096,202009
XM-DAC-21016,International Committee of the Red Cross (ICRC),Multilateral,Spend,160.317053282079,202010
XM-DAC-21016,International Committee of the Red Cross (ICRC),Multilateral,Spend,174.996777037583,202011
XM-DAC-21016,International Committee of the Red Cross (ICRC),Multilateral,Spend,117.078600716307,202101
XM-DAC-21016,International Committee of the Red Cross (ICRC),Multilateral,Spend,142.402321556599,202102
XM-DAC-21016,International Committee of the Red Cross (ICRC),Multilateral,Spend,157.374637163516,202103
XM-DAC-21016,International Committee of the Red Cross (ICRC),Multilateral,Spend,156.226630339147,202104
XM-DAC-30010,UN - UNITAID,Multilateral,Commitment,16.112325,202009
XM-DAC-30010,UN - UNITAID,Multilateral,Commitment,1.597251,202101
XM-DAC-30010,UN - UNITAID,Multilateral,Commitment,39.949031,202105
XM-DAC-30010,UN - UNITAID,Multilateral,Spend,6.670186,202008
XM-DAC-30010,UN - UNITAID,Multilateral,Spend,2.2,202009
XM-DAC-30010,UN - UNITAID,Multilateral,Spend,7.582961,202010
XM-DAC-30010,UN - UNITAID,Multilateral,Spend,4.161455,202011
XM-DAC-30010,UN - UNITAID,Multilateral,Spend,66.033824,202012
XM-DAC-30010,UN - UNITAID,Multilateral,Spend,13.042348,202101
XM-DAC-30010,UN - UNITAID,Multilateral,Spend,0.74303,202102
XM-DAC-30010,UN - UNITAID,Multilateral,Spend,11.724735,202103
XM-DAC-30010,UN - UNITAID,Multilateral,Spend,0.977411,202104
XM-DAC-30010,UN - UNITAID,Multilateral,Spend,32.097868,202105
XM-DAC-30010,UN - UNITAID,Multilateral,Spend,95.430037,202106
XM-DAC-30010,UN - UNITAID,Multilateral,Spend,38.716439,202107
XM-DAC-3-1,Denmark – Ministry of Foreign Affairs,Bilateral,Commitment,11.2163860327999,202008
XM-DAC-3-1,Denmark – Ministry of Foreign Affairs,Bilateral,Commitment,43.8897089057999,202009
XM-DAC-3-1,Denmark – Ministry of Foreign Affairs,Bilateral,Commitment,41.73046235555,202010
XM-DAC-3-1,Denmark – Ministry of Foreign Affairs,Bilateral,Commitment,42.024660543354,202011
XM-DAC-3-1,Denmark – Ministry of Foreign Affairs,Bilateral,Commitment,551.986590845252,202012
XM-DAC-3-1,Denmark – Ministry of Foreign Affairs,Bilateral,Commitment,310.988542581995,202101
XM-DAC-3-1,Denmark – Ministry of Foreign Affairs,Bilateral,Commitment,174.662667437999,202102
XM-DAC-3-1,Denmark – Ministry of Foreign Affairs,Bilateral,Commitment,223.185663639972,202103
XM-DAC-3-1,Denmark – Ministry of Foreign Affairs,Bilateral,Commitment,159.738454716,202104
XM-DAC-3-1,Denmark – Ministry of Foreign Affairs,Bilateral,Commitment,29.7596602163999,202105
XM-DAC-3-1,Denmark – Ministry of Foreign Affairs,Bilateral,Commitment,168.106734601199,202106
XM-DAC-3-1,Denmark – Ministry of Foreign Affairs,Bilateral,Commitment,44.686820764356,202107
XM-DAC-3-1,Denmark – Ministry of Foreign Affairs,Bilateral,Spend,41.9074260638699,202008
XM-DAC-3-1,Denmark – Ministry of Foreign Affairs,Bilateral,Spend,91.3285767447119,202009
XM-DAC-3-1,Denmark – Ministry of Foreign Affairs,Bilateral,Spend,66.924570314256,202010
XM-DAC-3-1,Denmark – Ministry of Foreign Affairs,Bilateral,Spend,82.821673019474,202011
XM-DAC-3-1,Denmark – Ministry of Foreign Affairs,Bilateral,Spend,1315.11366424747,202012
XM-DAC-3-1,Denmark – Ministry of Foreign Affairs,Bilateral,Spend,144.835158026843,202101
XM-DAC-3-1,Denmark – Ministry of Foreign Affairs,Bilateral,Spend,306.409837039907,202102
XM-DAC-3-1,Denmark – Ministry of Foreign Affairs,Bilateral,Spend,292.272197373156,202103
XM-DAC-3-1,Denmark – Ministry of Foreign Affairs,Bilateral,Spend,85.441815442164,202104
XM-DAC-3-1,Denmark – Ministry of Foreign Affairs,Bilateral,Spend,81.2537616343919,202105
XM-DAC-3-1,Denmark – Ministry of Foreign Affairs,Bilateral,Spend,219.62902423866,202106
XM-DAC-3-1,Denmark – Ministry of Foreign Affairs,Bilateral,Spend,150.93315798576,202107
XM-DAC-41108,International Fund for Agricultural Development (IFAD),Multilateral,Commitment,22.96918674,202008
XM-DAC-41108,International Fund for Agricultural Development (IFAD),Multilateral,Commitment,30.256171,202009
XM-DAC-41108,International Fund for Agricultural Development (IFAD),Multilateral,Commitment,2.325706,202010
XM-DAC-41108,International Fund for Agricultural Development (IFAD),Multilateral,Commitment,13.586197,202011
XM-DAC-41108,International Fund for Agricultural Development (IFAD),Multilateral,Commitment,67.3780115,202012
XM-DAC-41108,International Fund for Agricultural Development (IFAD),Multilateral,Commitment,36.122409,202101
XM-DAC-41108,International Fund for Agricultural Development (IFAD),Multilateral,Commitment,9.72865,202102
XM-DAC-41108,International Fund for Agricultural Development (IFAD),Multilateral,Commitment,52.135725,202103
XM-DAC-41108,International Fund for Agricultural Development (IFAD),Multilateral,Commitment,18.806405,202104
XM-DAC-41108,International Fund for Agricultural Development (IFAD),Multilateral,Commitment,0.655,202105
XM-DAC-41108,International Fund for Agricultural Development (IFAD),Multilateral,Commitment,98.123475,202106
XM-DAC-41108,International Fund for Agricultural Development (IFAD),Multilateral,Commitment,2.940535,202107
XM-DAC-41108,International Fund for Agricultural Development (IFAD),Multilateral,Spend,50.6158127813439,202008
XM-DAC-41108,International Fund for Agricultural Development (IFAD),Multilateral,Spend,57.380068579166,202009
XM-DAC-41108,International Fund for Agricultural Development (IFAD),Multilateral,Spend,31.020313245589,202010
XM-DAC-41108,International Fund for Agricultural Development (IFAD),Multilateral,Spend,103.297704656929,202011
XM-DAC-41108,International Fund for Agricultural Development (IFAD),Multilateral,Spend,110.489945838865,202012
XM-DAC-41108,International Fund for Agricultural Development (IFAD),Multilateral,Spend,48.3250339869359,202101
XM-DAC-41108,International Fund for Agricultural Development (IFAD),Multilateral,Spend,36.86611898263,202102
XM-DAC-41108,International Fund for Agricultural Development (IFAD),Multilateral,Spend,43.951223175853,202103
XM-DAC-41108,International Fund for Agricultural Development (IFAD),Multilateral,Spend,37.7823496710009,202104
XM-DAC-41108,International Fund for Agricultural Development (IFAD),Multilateral,Spend,38.073809651756,202105
XM-DAC-41108,International Fund for Agricultural Development (IFAD),Multilateral,Spend,31.078816029069,202106
XM-DAC-41108,International Fund for Agricultural Development (IFAD),Multilateral,Spend,56.318447932328,202107
XM-DAC-41110,UN - UNAIDS,Multilateral,Spend,68.671152,202106
XM-DAC-41114,UN - UNDP,Multilateral,Commitment,43696.560711,202107
XM-DAC-41114,UN - UNDP,Multilateral,Spend,74.752964,202008
XM-DAC-41114,UN - UNDP,Multilateral,Spend,120.106146,202009
XM-DAC-41114,UN - UNDP,Multilateral,Spend,95.357469,202010
XM-DAC-41114,UN - UNDP,Multilateral,Spend,73.345564,202011
XM-DAC-41114,UN - UNDP,Multilateral,Spend,334.296429,202012
XM-DAC-41114,UN - UNDP,Multilateral,Spend,7.944486,202101
XM-DAC-41114,UN - UNDP,Multilateral,Spend,45.165524,202102
XM-DAC-41114,UN - UNDP,Multilateral,Spend,101.882551,202103
XM-DAC-41114,UN - UNDP,Multilateral,Spend,62.064255,202104
XM-DAC-41114,UN - UNDP,Multilateral,Spend,61.721206,202105
XM-DAC-41114,UN - UNDP,Multilateral,Spend,147.99084,202106
XM-DAC-41114,UN - UNDP,Multilateral,Spend,61.457038,202107
XM-DAC-41114,UN - UNDP,Multilateral,Spend,239.484326,202008
XM-DAC-41114,UN - UNDP,Multilateral,Spend,264.218214,202009
XM-DAC-41114,UN - UNDP,Multilateral,Spend,260.520968,202010
XM-DAC-41114,UN - UNDP,Multilateral,Spend,289.326869,202011
XM-DAC-41114,UN - UNDP,Multilateral,Spend,580.721169,202012
XM-DAC-41114,UN - UNDP,Multilateral,Spend,186.174786,202101
XM-DAC-41114,UN - UNDP,Multilateral,Spend,265.772876,202102
XM-DAC-41114,UN - UNDP,Multilateral,Spend,319.075086,202103
XM-DAC-41114,UN - UNDP,Multilateral,Spend,271.299501,202104
XM-DAC-41114,UN - UNDP,Multilateral,Spend,282.799924,202105
XM-DAC-41114,UN - UNDP,Multilateral,Spend,293.04331,202106
XM-DAC-41114,UN - UNDP,Multilateral,Spend,249.057087,202107
XM-DAC-41122,UN - UNICEF,Multilateral,Commitment,4.609707,202012
XM-DAC-41122,UN - UNICEF,Multilateral,Commitment,12.29627,202107
XM-DAC-41122,UN - UNICEF,Multilateral,Spend,0,202012
XM-DAC-41122,UN - UNICEF,Multilateral,Spend,2.204285,202107
XM-DAC-41122,UN - UNICEF,Multilateral,Spend,0.494396,202008
XM-DAC-41122,UN - UNICEF,Multilateral,Spend,1.001363,202009
XM-DAC-41122,UN - UNICEF,Multilateral,Spend,0.650426,202010
XM-DAC-41122,UN - UNICEF,Multilateral,Spend,0.564415,202011
XM-DAC-41122,UN - UNICEF,Multilateral,Spend,0.544361,202012
XM-DAC-41122,UN - UNICEF,Multilateral,Spend,0.274818,202101
XM-DAC-41122,UN - UNICEF,Multilateral,Spend,0.469519,202102
XM-DAC-41122,UN - UNICEF,Multilateral,Spend,0.433334,202103
XM-DAC-41122,UN - UNICEF,Multilateral,Spend,0.209898,202104
XM-DAC-41122,UN - UNICEF,Multilateral,Spend,0.900875,202105
XM-DAC-41122,UN - UNICEF,Multilateral,Spend,1.242375,202106
XM-DAC-41122,UN - UNICEF,Multilateral,Spend,0.812249,202107
XM-DAC-41123,UN - UNIDO,Multilateral,Spend,177.67267165,202012
XM-DAC-41127,UN -UNOCHA,Multilateral,Commitment,276.114393109999,202101
XM-DAC-41127,UN -UNOCHA,Multilateral,Spend,39320.126538,202012
XM-DAC-41130,UN - UNRWA,Multilateral,Spend,769.14103887,202012
XM-DAC-41130,UN - UNRWA,Multilateral,Spend,338.15968399,202106
XM-DAC-41140,World Food Programme (WFP),Multilateral,Commitment,502.661022,202008
XM-DAC-41140,World Food Programme (WFP),Multilateral,Commitment,683.698425,202009
XM-DAC-41140,World Food Programme (WFP),Multilateral,Commitment,643.792456,202010
XM-DAC-41140,World Food Programme (WFP),Multilateral,Commitment,569.621159,202011
XM-DAC-41140,World Food Programme (WFP),Multilateral,Commitment,1667.463027,202012
XM-DAC-41140,World Food Programme (WFP),Multilateral,Commitment,497.319533,202101
XM-DAC-41140,World Food Programme (WFP),Multilateral,Commitment,518.38052,202102
XM-DAC-41140,World Food Programme (WFP),Multilateral,Commitment,701.092506,202103
XM-DAC-41140,World Food Programme (WFP),Multilateral,Commitment,753.976939,202104
XM-DAC-41140,World Food Programme (WFP),Multilateral,Commitment,665.677498,202105
XM-DAC-41140,World Food Programme (WFP),Multilateral,Commitment,1146.891049,202106
XM-DAC-41140,World Food Programme (WFP),Multilateral,Commitment,631.119542,202107
XM-DAC-41140,World Food Programme (WFP),Multilateral,Spend,502.661022,202008
XM-DAC-41140,World Food Programme (WFP),Multilateral,Spend,683.698425,202009
XM-DAC-41140,World Food Programme (WFP),Multilateral,Spend,643.792456,202010
XM-DAC-41140,World Food Programme (WFP),Multilateral,Spend,569.621159,202011
XM-DAC-41140,World Food Programme (WFP),Multilateral,Spend,1667.463027,202012
XM-DAC-41140,World Food Programme (WFP),Multilateral,Spend,497.319533,202101
XM-DAC-41140,World Food Programme (WFP),Multilateral,Spend,518.38052,202102
XM-DAC-41140,World Food Programme (WFP),Multilateral,Spend,701.092506,202103
XM-DAC-41140,World Food Programme (WFP),Multilateral,Spend,753.976939,202104
XM-DAC-41140,World Food Programme (WFP),Multilateral,Spend,665.677498,202105
XM-DAC-41140,World Food Programme (WFP),Multilateral,Spend,1146.891049,202106
XM-DAC-41140,World Food Programme (WFP),Multilateral,Spend,631.119542,202107
XM-DAC-41146,UN - UN Women,Multilateral,Spend,21.065783,202008
XM-DAC-41146,UN - UN Women,Multilateral,Spend,23.723185,202009
XM-DAC-41146,UN - UN Women,Multilateral,Spend,29.290625,202010
XM-DAC-41146,UN - UN Women,Multilateral,Spend,26.435249,202011
XM-DAC-41146,UN - UN Women,Multilateral,Spend,74.572628,202012
XM-DAC-41146,UN - UN Women,Multilateral,Spend,8.922742,202101
XM-DAC-41146,UN - UN Women,Multilateral,Spend,12.237749,202102
XM-DAC-41146,UN - UN Women,Multilateral,Spend,24.16353,202103
XM-DAC-41146,UN - UN Women,Multilateral,Spend,19.26531,202104
XM-DAC-41146,UN - UN Women,Multilateral,Spend,26.399622,202105
XM-DAC-41146,UN - UN Women,Multilateral,Spend,30.063899,202106
XM-DAC-41146,UN - UN Women,Multilateral,Spend,24.287848,202107
XM-DAC-41304,UN - UNESCO,Multilateral,Commitment,0.7408,202008
XM-DAC-41304,UN - UNESCO,Multilateral,Commitment,0.008641,202009
XM-DAC-41304,UN - UNESCO,Multilateral,Commitment,0.310717,202102
XM-DAC-41304,UN - UNESCO,Multilateral,Commitment,0.0428,202103
XM-DAC-41304,UN - UNESCO,Multilateral,Commitment,0.5,202106
XM-DAC-41304,UN - UNESCO,Multilateral,Spend,8.732165,202012
XM-DAC-41304,UN - UNESCO,Multilateral,Spend,18.484092,202106
XM-DAC-46002,African Development Bank Group (AfDB),IFI,Commitment,422.2158005,202008
XM-DAC-46002,African Development Bank Group (AfDB),IFI,Commitment,459.278237526765,202009
XM-DAC-46002,African Development Bank Group (AfDB),IFI,Commitment,476.123715122019,202010
XM-DAC-46002,African Development Bank Group (AfDB),IFI,Commitment,126.804211038853,202011
XM-DAC-46002,African Development Bank Group (AfDB),IFI,Commitment,320.471282371704,202012
XM-DAC-46002,African Development Bank Group (AfDB),IFI,Commitment,0,202101
XM-DAC-46002,African Development Bank Group (AfDB),IFI,Commitment,0,202102
XM-DAC-46002,African Development Bank Group (AfDB),IFI,Commitment,0,202103
XM-DAC-46002,African Development Bank Group (AfDB),IFI,Commitment,0,202104
XM-DAC-46002,African Development Bank Group (AfDB),IFI,Commitment,0,202105
XM-DAC-46002,African Development Bank Group (AfDB),IFI,Commitment,0,202106
XM-DAC-46002,African Development Bank Group (AfDB),IFI,Spend,285.731717535718,202008
XM-DAC-46002,African Development Bank Group (AfDB),IFI,Spend,661.897139159404,202009
XM-DAC-46002,African Development Bank Group (AfDB),IFI,Spend,515.791912595353,202010
XM-DAC-46002,African Development Bank Group (AfDB),IFI,Spend,465.806198082541,202011
XM-DAC-46002,African Development Bank Group (AfDB),IFI,Spend,768.51268705586,202012
XM-DAC-46002,African Development Bank Group (AfDB),IFI,Spend,0,202101
XM-DAC-46002,African Development Bank Group (AfDB),IFI,Spend,0,202102
XM-DAC-46002,African Development Bank Group (AfDB),IFI,Spend,0,202103
XM-DAC-46002,African Development Bank Group (AfDB),IFI,Spend,0,202104
XM-DAC-46002,African Development Bank Group (AfDB),IFI,Spend,0,202105
XM-DAC-46002,African Development Bank Group (AfDB),IFI,Spend,0,202106
XM-DAC-46002,African Development Bank Group (AfDB),IFI,Spend,0,202107
XM-DAC-46009,Caribbean Development Bank,IFI,Commitment,0.05833151,202104
XM-DAC-46009,Caribbean Development Bank,IFI,Spend,0.403987,202008
XM-DAC-46009,Caribbean Development Bank,IFI,Spend,0.6,202009
XM-DAC-46009,Caribbean Development Bank,IFI,Spend,5,202012
XM-DAC-46009,Caribbean Development Bank,IFI,Spend,1.613382,202102
XM-DAC-46009,Caribbean Development Bank,IFI,Spend,0.033396,202103
XM-DAC-46009,Caribbean Development Bank,IFI,Spend,8.81582039,202106
XM-DAC-47059,International Development Law Organization (IDLO),Multilateral,Commitment,0.0359224464,202012
XM-DAC-47059,International Development Law Organization (IDLO),Multilateral,Commitment,0.4569722964,202103
XM-DAC-47059,International Development Law Organization (IDLO),Multilateral,Commitment,0.012198555,202104
XM-DAC-47059,International Development Law Organization (IDLO),Multilateral,Commitment,0.259695487,202105
XM-DAC-47059,International Development Law Organization (IDLO),Multilateral,Commitment,0.491340669,202106
XM-DAC-47059,International Development Law Organization (IDLO),Multilateral,Commitment,0.213027163799999,202107
XM-DAC-47059,International Development Law Organization (IDLO),Multilateral,Spend,0.0911844883,202103
XM-DAC-47059,International Development Law Organization (IDLO),Multilateral,Spend,0.2342518928,202106
XM-DAC-47059,International Development Law Organization (IDLO),Multilateral,Spend,0.00504,202008
XM-DAC-47059,International Development Law Organization (IDLO),Multilateral,Spend,8.3228857732,202009
XM-DAC-47059,International Development Law Organization (IDLO),Multilateral,Spend,0.071382573,202010
XM-DAC-47059,International Development Law Organization (IDLO),Multilateral,Spend,11.9159963574,202012
XM-DAC-47059,International Development Law Organization (IDLO),Multilateral,Spend,9.8403674089,202103
XM-DAC-47059,International Development Law Organization (IDLO),Multilateral,Spend,0.0060780306,202105
XM-DAC-47059,International Development Law Organization (IDLO),Multilateral,Spend,9.9169726216,202106
XM-DAC-5-7,Germany – Federal Foreign Office,Bilateral,Commitment,80.4729290145637,202008
XM-DAC-5-7,Germany – Federal Foreign Office,Bilateral,Commitment,98.1110271618449,202009
XM-DAC-5-7,Germany – Federal Foreign Office,Bilateral,Commitment,82.415755355202,202010
XM-DAC-5-7,Germany – Federal Foreign Office,Bilateral,Commitment,92.4234681160012,202011
XM-DAC-5-7,Germany – Federal Foreign Office,Bilateral,Commitment,83.49461042193,202012
XM-DAC-5-7,Germany – Federal Foreign Office,Bilateral,Commitment,86.5735790516769,202101
XM-DAC-5-7,Germany – Federal Foreign Office,Bilateral,Commitment,36.0050785204329,202102
XM-DAC-5-7,Germany – Federal Foreign Office,Bilateral,Commitment,22.9945057375203,202103
XM-DAC-5-7,Germany – Federal Foreign Office,Bilateral,Commitment,27.1941368624279,202104
XM-DAC-5-7,Germany – Federal Foreign Office,Bilateral,Commitment,9.33735104342099,202105
XM-DAC-5-7,Germany – Federal Foreign Office,Bilateral,Commitment,123.203060793546,202106
XM-DAC-5-7,Germany – Federal Foreign Office,Bilateral,Commitment,6.223250460762,202107
XM-DAC-5-7,Germany – Federal Foreign Office,Bilateral,Spend,173.195731939986,202008
XM-DAC-5-7,Germany – Federal Foreign Office,Bilateral,Spend,525.818089561376,202009
XM-DAC-5-7,Germany – Federal Foreign Office,Bilateral,Spend,158.059001343614,202010
XM-DAC-5-7,Germany – Federal Foreign Office,Bilateral,Spend,269.777608441267,202011
XM-DAC-5-7,Germany – Federal Foreign Office,Bilateral,Spend,359.2169732031,202012
XM-DAC-5-7,Germany – Federal Foreign Office,Bilateral,Spend,185.420463671584,202101
XM-DAC-5-7,Germany – Federal Foreign Office,Bilateral,Spend,111.747299272372,202102
XM-DAC-5-7,Germany – Federal Foreign Office,Bilateral,Spend,169.425443655684,202103
XM-DAC-5-7,Germany – Federal Foreign Office,Bilateral,Spend,136.087125773517,202104
XM-DAC-5-7,Germany – Federal Foreign Office,Bilateral,Spend,135.263890164871,202105
XM-DAC-5-7,Germany – Federal Foreign Office,Bilateral,Spend,94.7483278235875,202106
XM-DAC-5-7,Germany – Federal Foreign Office,Bilateral,Spend,284.798050850671,202107
XM-DAC-7,Netherlands – Ministry of Foreign Affairs (DGIS),Bilateral,Commitment,126.561472245,202008
XM-DAC-7,Netherlands – Ministry of Foreign Affairs (DGIS),Bilateral,Commitment,119.8158571935,202009
XM-DAC-7,Netherlands – Ministry of Foreign Affairs (DGIS),Bilateral,Commitment,147.0194458335,202010
XM-DAC-7,Netherlands – Ministry of Foreign Affairs (DGIS),Bilateral,Commitment,968.747312295,202011
XM-DAC-7,Netherlands – Ministry of Foreign Affairs (DGIS),Bilateral,Commitment,2545.36715532149,202012
XM-DAC-7,Netherlands – Ministry of Foreign Affairs (DGIS),Bilateral,Commitment,30.7305788975999,202101
XM-DAC-7,Netherlands – Ministry of Foreign Affairs (DGIS),Bilateral,Commitment,168.016912164899,202102
XM-DAC-7,Netherlands – Ministry of Foreign Affairs (DGIS),Bilateral,Commitment,203.002983486,202103
XM-DAC-7,Netherlands – Ministry of Foreign Affairs (DGIS),Bilateral,Commitment,123.1308402003,202104
XM-DAC-7,Netherlands – Ministry of Foreign Affairs (DGIS),Bilateral,Commitment,293.368893614099,202105
XM-DAC-7,Netherlands – Ministry of Foreign Affairs (DGIS),Bilateral,Commitment,124.9455947319,202106
XM-DAC-7,Netherlands – Ministry of Foreign Affairs (DGIS),Bilateral,Commitment,124.3205435628,202107
XM-DAC-7,Netherlands – Ministry of Foreign Affairs (DGIS),Bilateral,Spend,208.295522298,202008
XM-DAC-7,Netherlands – Ministry of Foreign Affairs (DGIS),Bilateral,Spend,237.817740298499,202009
XM-DAC-7,Netherlands – Ministry of Foreign Affairs (DGIS),Bilateral,Spend,279.253202818499,202010
XM-DAC-7,Netherlands – Ministry of Foreign Affairs (DGIS),Bilateral,Spend,568.8671749965,202011
XM-DAC-7,Netherlands – Ministry of Foreign Affairs (DGIS),Bilateral,Spend,693.284885352,202012
XM-DAC-7,Netherlands – Ministry of Foreign Affairs (DGIS),Bilateral,Spend,361.566697417199,202101
XM-DAC-7,Netherlands – Ministry of Foreign Affairs (DGIS),Bilateral,Spend,255.641126924699,202102
XM-DAC-7,Netherlands – Ministry of Foreign Affairs (DGIS),Bilateral,Spend,286.367481548099,202103
XM-DAC-7,Netherlands – Ministry of Foreign Affairs (DGIS),Bilateral,Spend,227.5862071518,202104
XM-DAC-7,Netherlands – Ministry of Foreign Affairs (DGIS),Bilateral,Spend,196.268707551599,202105
XM-DAC-7,Netherlands – Ministry of Foreign Affairs (DGIS),Bilateral,Spend,241.4895300549,202106
XM-DAC-7,Netherlands – Ministry of Foreign Affairs (DGIS),Bilateral,Spend,205.936274691,202107
XM-DAC-903,International Finance Corporation (IFC),IFI,Commitment,335.5,202008
XM-DAC-903,International Finance Corporation (IFC),IFI,Commitment,214.84,202009
XM-DAC-903,International Finance Corporation (IFC),IFI,Commitment,833.22,202010
XM-DAC-903,International Finance Corporation (IFC),IFI,Commitment,581.54,202011
XM-DAC-903,International Finance Corporation (IFC),IFI,Commitment,1465.96,202012
XM-DAC-903,International Finance Corporation (IFC),IFI,Commitment,838.46,202101
XM-DAC-903,International Finance Corporation (IFC),IFI,Commitment,1227.16,202102
XM-DAC-903,International Finance Corporation (IFC),IFI,Commitment,2121.12,202103
XM-DAC-903,International Finance Corporation (IFC),IFI,Commitment,1023.61,202104
XM-DAC-903,International Finance Corporation (IFC),IFI,Commitment,1401.53,202105
XM-DAC-903,International Finance Corporation (IFC),IFI,Commitment,4369.43,202106
XM-DAC-903,International Finance Corporation (IFC),IFI,Commitment,171.72,202107
XM-DAC-918-3,EC – European Investment Bank (EIB),Bilateral,Commitment,285.7275,202008
XM-DAC-918-3,EC – European Investment Bank (EIB),Bilateral,Commitment,1352.537725,202009
XM-DAC-918-3,EC – European Investment Bank (EIB),Bilateral,Commitment,613.5273099,202010
XM-DAC-918-3,EC – European Investment Bank (EIB),Bilateral,Commitment,751.9225,202011
XM-DAC-918-3,EC – European Investment Bank (EIB),Bilateral,Commitment,5798.97865,202012
XM-DAC-918-3,EC – European Investment Bank (EIB),Bilateral,Commitment,59.39325,202101
XM-DAC-918-3,EC – European Investment Bank (EIB),Bilateral,Commitment,533.9736,202102
XM-DAC-918-3,EC – European Investment Bank (EIB),Bilateral,Commitment,765.32445,202103
XM-DAC-918-3,EC – European Investment Bank (EIB),Bilateral,Commitment,130.2709307053,202104
XM-DAC-918-3,EC – European Investment Bank (EIB),Bilateral,Commitment,909.076665,202105
XM-DAC-918-3,EC – European Investment Bank (EIB),Bilateral,Commitment,984.41874,202106
XM-DAC-918-3,EC – European Investment Bank (EIB),Bilateral,Commitment,56.7127,202107
XM-OCHA-CERF,UN - UNOCHA CERF,Multilateral,Spend,14.194023,202008
XM-OCHA-CERF,UN - UNOCHA CERF,Multilateral,Spend,13.2006,202009
XM-OCHA-CERF,UN - UNOCHA CERF,Multilateral,Spend,19.323088,202010
XM-OCHA-CERF,UN - UNOCHA CERF,Multilateral,Spend,101.208745,202011
XM-OCHA-CERF,UN - UNOCHA CERF,Multilateral,Spend,30.513605,202012
XM-OCHA-CERF,UN - UNOCHA CERF,Multilateral,Spend,74.372434,202101
XM-OCHA-CERF,UN - UNOCHA CERF,Multilateral,Spend,2.980599,202102
XM-OCHA-CERF,UN - UNOCHA CERF,Multilateral,Spend,6.000001,202103
XM-OCHA-CERF,UN - UNOCHA CERF,Multilateral,Spend,75.35512,202104
XM-OCHA-CERF,UN - UNOCHA CERF,Multilateral,Spend,45.808345,202105
XM-OCHA-CERF,UN - UNOCHA CERF,Multilateral,Spend,38.415504,202106
XM-OCHA-CERF,UN - UNOCHA CERF,Multilateral,Spend,6.088857,202107
