donor_name,aid_type_di_name,year,purpose_name,purpose_code,usd_disbursement_deflated_Sum
African Development Fund,Project interventions,2015,Reproductive health care,13020,6.4958
Asian Development Bank,Budget support,2015,Reproductive health care,13020,5.86681
Asian Development Bank,Budget support,2017,Reproductive health care,13020,0.0
Asian Development Bank,Budget support,2018,Reproductive health care,13020,
Asian Development Bank,Budget support,2019,Reproductive health care,13020,0.0
Asian Development Bank,Project interventions,2015,Family planning,13030,
Asian Development Bank,Project interventions,2015,Reproductive health care,13020,0.0
Asian Development Bank,Project interventions,2016,Family planning,13030,
Asian Development Bank,Project interventions,2016,Reproductive health care,13020,0.425166
Asian Development Bank,Project interventions,2017,Reproductive health care,13020,0.42901449999999997
Asian Development Bank,Project interventions,2018,Reproductive health care,13020,0.683999
Asian Development Bank,Project interventions,2019,Reproductive health care,13020,0.141114
Asian Development Bank,Technical Assistance,2015,Reproductive health care,13020,0.020981332999999998
Asian Development Bank,Technical Assistance,2016,Reproductive health care,13020,0.040530008
Asian Development Bank,Technical Assistance,2017,Reproductive health care,13020,0.012258839
Australia,"Core support to NGOs, etc",2015,Reproductive health care,13020,3.8626
Australia,"Core support to NGOs, etc",2016,Reproductive health care,13020,6.2238299999999995
Australia,"Core support to NGOs, etc",2017,Family planning,13030,1.3191629999999999
Australia,"Core support to NGOs, etc",2017,Reproductive health care,13020,1.3191629999999999
Australia,"Core support to NGOs, etc",2018,Family planning,13030,1.2899
Australia,"Core support to NGOs, etc",2018,Reproductive health care,13020,2.006513
Australia,Project interventions,2015,Reproductive health care,13020,15.263776799999999
Australia,Project interventions,2016,Reproductive health care,13020,8.2765382002
Australia,Project interventions,2017,Family planning,13030,7.003152200000001
Australia,Project interventions,2017,Reproductive health care,13020,11.444463540000001
Australia,Project interventions,2018,Family planning,13030,4.5541580526
Australia,Project interventions,2018,Reproductive health care,13020,12.78136293432
Australia,Project interventions,2019,Family planning,13030,7.849264555600001
Australia,Project interventions,2019,Reproductive health care,13020,8.932286487000002
Australia,Specific purpose funds,2015,Reproductive health care,13020,16.217728100000002
Australia,Specific purpose funds,2018,Reproductive health care,13020,0.460581
Australia,Technical Assistance,2017,Reproductive health care,13020,0.00853682
Austria,Project interventions,2015,Reproductive health care,13020,0.09770200000000001
Austria,Project interventions,2016,Family planning,13030,0.0198431
Austria,Project interventions,2016,Reproductive health care,13020,0.9163319999999999
Austria,Project interventions,2017,Reproductive health care,13020,0.2662365
Austria,Project interventions,2018,Reproductive health care,13020,0.03832882
Austria,Project interventions,2019,Family planning,13030,0.0123139
Austria,Project interventions,2019,Reproductive health care,13020,0.14669200000000002
Belgium,"Core support to NGOs, etc",2015,Family planning,13030,0.131253
Belgium,"Core support to NGOs, etc",2015,Reproductive health care,13020,1.7416515
Belgium,"Core support to NGOs, etc",2016,Reproductive health care,13020,2.2299166
Belgium,"Core support to NGOs, etc",2017,Reproductive health care,13020,2.4951771
Belgium,"Core support to NGOs, etc",2018,Reproductive health care,13020,3.420572
Belgium,"Core support to NGOs, etc",2019,Reproductive health care,13020,2.5933270000000004
Belgium,Non-transfer,2019,Reproductive health care,13020,0.0258592
Belgium,Project interventions,2015,Family planning,13030,0.301889
Belgium,Project interventions,2015,Reproductive health care,13020,0.49762298000000005
Belgium,Project interventions,2016,Family planning,13030,0.281972
Belgium,Project interventions,2016,Reproductive health care,13020,4.916569729999999
Belgium,Project interventions,2017,Family planning,13030,3.890122
Belgium,Project interventions,2017,Reproductive health care,13020,4.313639
Belgium,Project interventions,2018,Family planning,13030,0.531003
Belgium,Project interventions,2018,Reproductive health care,13020,2.4642263
Belgium,Project interventions,2019,Family planning,13030,2.10265
Belgium,Project interventions,2019,Reproductive health care,13020,3.9241074
Belgium,Specific purpose funds,2017,Family planning,13030,2.31294
Belgium,Specific purpose funds,2018,Reproductive health care,13020,2.27596
Belgium,Specific purpose funds,2019,Reproductive health care,13020,3.078474
Belgium,Technical Assistance,2017,Reproductive health care,13020,0.15665
Canada,Budget support,2015,Family planning,13030,0.14529
Canada,Budget support,2015,Reproductive health care,13020,0.726451
Canada,Budget support,2018,Family planning,13030,0.0
Canada,Budget support,2018,Reproductive health care,13020,0.0
Canada,Budget support,2019,Family planning,13030,1.779137
Canada,Budget support,2019,Reproductive health care,13020,2.232432
Canada,"Core support to NGOs, etc",2015,Family planning,13030,0.157398
Canada,"Core support to NGOs, etc",2015,Reproductive health care,13020,0.409234
Canada,"Core support to NGOs, etc",2016,Family planning,13030,0.158206
Canada,"Core support to NGOs, etc",2016,Reproductive health care,13020,0.411338
Canada,"Core support to NGOs, etc",2017,Family planning,13030,0.0385092
Canada,"Core support to NGOs, etc",2017,Reproductive health care,13020,0.100124
Canada,"Core support to NGOs, etc",2018,Reproductive health care,13020,0.46078630000000004
Canada,"Core support to NGOs, etc",2019,Reproductive health care,13020,0.538809
Canada,Pooled funds,2015,Family planning,13030,1.35604
Canada,Pooled funds,2015,Reproductive health care,13020,2.48608
Canada,Pooled funds,2016,Family planning,13030,0.480676
Canada,Pooled funds,2016,Reproductive health care,13020,2.443319
Canada,Pooled funds,2017,Family planning,13030,1.32925
Canada,Pooled funds,2017,Reproductive health care,13020,2.68601
Canada,Pooled funds,2018,Family planning,13030,3.0012600000000003
Canada,Pooled funds,2018,Reproductive health care,13020,4.491137
Canada,Pooled funds,2019,Family planning,13030,5.610773740000001
Canada,Pooled funds,2019,Reproductive health care,13020,7.28372374
Canada,Project interventions,2015,Family planning,13030,0.49075789999999997
Canada,Project interventions,2015,Reproductive health care,13020,6.849564743999998
Canada,Project interventions,2016,Family planning,13030,1.36589368
Canada,Project interventions,2016,Reproductive health care,13020,13.507200268999995
Canada,Project interventions,2017,Family planning,13030,9.372174289999998
Canada,Project interventions,2017,Reproductive health care,13020,27.980058316999997
Canada,Project interventions,2018,Family planning,13030,27.62893253169999
Canada,Project interventions,2018,Reproductive health care,13020,49.02755779690002
Canada,Project interventions,2019,Family planning,13030,19.976861637100008
Canada,Project interventions,2019,Reproductive health care,13020,44.40880623750603
Canada,Specific purpose funds,2015,Family planning,13030,2.2679891000000003
Canada,Specific purpose funds,2015,Reproductive health care,13020,15.331254600000001
Canada,Specific purpose funds,2016,Family planning,13030,3.28330864
Canada,Specific purpose funds,2016,Reproductive health care,13020,6.51127484
Canada,Specific purpose funds,2017,Family planning,13030,14.7700143
Canada,Specific purpose funds,2017,Reproductive health care,13020,14.907832599999999
Canada,Specific purpose funds,2018,Family planning,13030,9.5430627
Canada,Specific purpose funds,2018,Reproductive health care,13020,11.549013431999997
Canada,Specific purpose funds,2019,Family planning,13030,11.097275239999998
Canada,Specific purpose funds,2019,Reproductive health care,13020,17.265035631000003
Canada,Technical Assistance,2015,Family planning,13030,0.10636858
Canada,Technical Assistance,2015,Reproductive health care,13020,0.359521
Canada,Technical Assistance,2016,Family planning,13030,0.15270299999999998
Canada,Technical Assistance,2016,Reproductive health care,13020,0.109282
Canada,Technical Assistance,2017,Family planning,13030,0.06247071
Canada,Technical Assistance,2017,Reproductive health care,13020,0.06983796
Canada,Technical Assistance,2018,Family planning,13030,0.38015682
Canada,Technical Assistance,2018,Reproductive health care,13020,0.022324665
Canada,Technical Assistance,2019,Family planning,13030,0.0628703
Canada,Technical Assistance,2019,Reproductive health care,13020,
Caribbean Development Bank,Technical Assistance,2019,Reproductive health care,13020,
Czech Republic,Project interventions,2015,Reproductive health care,13020,0.190381
Czech Republic,Project interventions,2016,Reproductive health care,13020,0.2028152
Czech Republic,Project interventions,2017,Reproductive health care,13020,0.32354442
Czech Republic,Project interventions,2018,Reproductive health care,13020,0.276959
Czech Republic,Project interventions,2019,Reproductive health care,13020,0.0424692
Denmark,"Core support to NGOs, etc",2015,Family planning,13030,2.121111
Denmark,"Core support to NGOs, etc",2015,Reproductive health care,13020,14.495871
Denmark,"Core support to NGOs, etc",2016,Reproductive health care,13020,7.68676
Denmark,"Core support to NGOs, etc",2017,Family planning,13030,0.75964
Denmark,"Core support to NGOs, etc",2017,Reproductive health care,13020,11.39461
Denmark,"Core support to NGOs, etc",2018,Family planning,13030,4.532004000000001
Denmark,"Core support to NGOs, etc",2018,Reproductive health care,13020,1.31428
Denmark,"Core support to NGOs, etc",2019,Family planning,13030,8.246865
Denmark,"Core support to NGOs, etc",2019,Reproductive health care,13020,3.74858
Denmark,Pooled funds,2015,Reproductive health care,13020,16.1972759
Denmark,Project interventions,2015,Reproductive health care,13020,0.12329
Denmark,Project interventions,2016,Reproductive health care,13020,5.1977850000000005
Denmark,Project interventions,2017,Family planning,13030,0.00155235
Denmark,Project interventions,2017,Reproductive health care,13020,2.44980639
Denmark,Project interventions,2018,Family planning,13030,0.00593439
Denmark,Project interventions,2018,Reproductive health care,13020,6.7047646599999995
Denmark,Project interventions,2019,Family planning,13030,0.6946527
Denmark,Project interventions,2019,Reproductive health care,13020,3.7155284600000003
Denmark,Specific purpose funds,2017,Family planning,13030,3.03856
Denmark,Specific purpose funds,2017,Reproductive health care,13020,30.461599999999997
Denmark,Specific purpose funds,2018,Reproductive health care,13020,29.53351
Denmark,Specific purpose funds,2019,Reproductive health care,13020,36.3387
Denmark,Technical Assistance,2015,Reproductive health care,13020,0.05179275
Denmark,Technical Assistance,2016,Reproductive health care,13020,0.0
Estonia,Project interventions,2015,Reproductive health care,13020,0.0764702
EU Institutions,Budget support,2015,Reproductive health care,13020,36.800519900000005
EU Institutions,Budget support,2016,Reproductive health care,13020,5.92223
EU Institutions,Budget support,2019,Reproductive health care,13020,0.895556
EU Institutions,Project interventions,2015,Family planning,13030,1.4214521
EU Institutions,Project interventions,2015,Reproductive health care,13020,11.580247049999999
EU Institutions,Project interventions,2016,Family planning,13030,0.51382037
EU Institutions,Project interventions,2016,Reproductive health care,13020,11.194960169999998
EU Institutions,Project interventions,2017,Family planning,13030,0.989469
EU Institutions,Project interventions,2017,Reproductive health care,13020,10.284548439999998
EU Institutions,Project interventions,2018,Family planning,13030,3.7409977999999997
EU Institutions,Project interventions,2018,Reproductive health care,13020,5.660655139999999
EU Institutions,Project interventions,2019,Family planning,13030,2.060207
EU Institutions,Project interventions,2019,Reproductive health care,13020,7.3059226100000005
EU Institutions,Specific purpose funds,2016,Family planning,13030,0.0
EU Institutions,Specific purpose funds,2016,Reproductive health care,13020,20.8944023
EU Institutions,Specific purpose funds,2017,Family planning,13030,19.6193
EU Institutions,Specific purpose funds,2017,Reproductive health care,13020,1.741287
EU Institutions,Specific purpose funds,2018,Family planning,13030,0.0
EU Institutions,Specific purpose funds,2018,Reproductive health care,13020,0.0
EU Institutions,Specific purpose funds,2019,Reproductive health care,13020,0.46673
EU Institutions,Technical Assistance,2015,Family planning,13030,0.014691319999999999
EU Institutions,Technical Assistance,2015,Reproductive health care,13020,0.0640507
EU Institutions,Technical Assistance,2016,Reproductive health care,13020,0.0191146
EU Institutions,Technical Assistance,2018,Family planning,13030,0.0953275
EU Institutions,Technical Assistance,2018,Reproductive health care,13020,0.0233339
EU Institutions,Technical Assistance,2019,Reproductive health care,13020,0.00199261
Finland,"Core support to NGOs, etc",2017,Reproductive health care,13020,2.9021100000000004
Finland,"Core support to NGOs, etc",2018,Family planning,13030,0.564019
Finland,"Core support to NGOs, etc",2018,Reproductive health care,13020,1.72054
Finland,"Core support to NGOs, etc",2019,Reproductive health care,13020,1.51125
Finland,Project interventions,2015,Family planning,13030,0.47001099999999996
Finland,Project interventions,2015,Reproductive health care,13020,1.4276915499999998
Finland,Project interventions,2016,Family planning,13030,0.138129
Finland,Project interventions,2016,Reproductive health care,13020,1.3895857
Finland,Project interventions,2017,Family planning,13030,0.373377
Finland,Project interventions,2017,Reproductive health care,13020,1.5342555000000002
Finland,Project interventions,2018,Family planning,13030,0.7773049300000001
Finland,Project interventions,2018,Reproductive health care,13020,1.846439
Finland,Project interventions,2019,Family planning,13030,1.10466044
Finland,Project interventions,2019,Reproductive health care,13020,2.1278561
Finland,Specific purpose funds,2015,Reproductive health care,13020,0.350578
Finland,Specific purpose funds,2016,Reproductive health care,13020,0.0
Finland,Specific purpose funds,2017,Reproductive health care,13020,2.8171019999999998
Finland,Specific purpose funds,2018,Family planning,13030,0.0151458
Finland,Specific purpose funds,2018,Reproductive health care,13020,1.3824618
Finland,Specific purpose funds,2019,Family planning,13030,0.0440781
Finland,Specific purpose funds,2019,Reproductive health care,13020,1.903059
France,Non-transfer,2018,Reproductive health care,13020,0.496131
France,Project interventions,2015,Family planning,13030,8.911571769999998
France,Project interventions,2015,Reproductive health care,13020,23.013531399999998
France,Project interventions,2016,Family planning,13030,8.99052893
France,Project interventions,2016,Reproductive health care,13020,8.382188
France,Project interventions,2017,Family planning,13030,9.596318929999999
France,Project interventions,2017,Reproductive health care,13020,17.3922533
France,Project interventions,2018,Family planning,13030,6.7373654499999995
France,Project interventions,2018,Reproductive health care,13020,16.278691099999996
France,Project interventions,2019,Family planning,13030,8.42255218
France,Project interventions,2019,Reproductive health care,13020,16.1882997
France,Technical Assistance,2015,Reproductive health care,13020,0.1941972
France,Technical Assistance,2017,Reproductive health care,13020,0.00571983
France,Technical Assistance,2018,Family planning,13030,0.06300443
France,Technical Assistance,2019,Family planning,13030,0.0671667
Germany,"Core support to NGOs, etc",2015,Family planning,13030,0.8860483
Germany,"Core support to NGOs, etc",2015,Reproductive health care,13020,8.735544449999999
Germany,"Core support to NGOs, etc",2016,Family planning,13030,0.7287699999999999
Germany,"Core support to NGOs, etc",2016,Reproductive health care,13020,9.08765745
Germany,"Core support to NGOs, etc",2017,Family planning,13030,0.4651905
Germany,"Core support to NGOs, etc",2017,Reproductive health care,13020,9.238169800000005
Germany,"Core support to NGOs, etc",2018,Family planning,13030,1.04123572
Germany,"Core support to NGOs, etc",2018,Reproductive health care,13020,8.844356709999998
Germany,"Core support to NGOs, etc",2019,Family planning,13030,2.6566620000000003
Germany,"Core support to NGOs, etc",2019,Reproductive health care,13020,1.0933551700000002
Germany,Pooled funds,2015,Reproductive health care,13020,0.389983
Germany,Pooled funds,2016,Reproductive health care,13020,1.27418
Germany,Pooled funds,2017,Reproductive health care,13020,0.542541
Germany,Pooled funds,2018,Reproductive health care,13020,0.179606
Germany,Project interventions,2015,Family planning,13030,11.1437667
Germany,Project interventions,2015,Reproductive health care,13020,90.11958600999999
Germany,Project interventions,2016,Family planning,13030,12.825731
Germany,Project interventions,2016,Reproductive health care,13020,110.2020685
Germany,Project interventions,2017,Family planning,13030,16.3780433
Germany,Project interventions,2017,Reproductive health care,13020,82.59366330000002
Germany,Project interventions,2018,Family planning,13030,15.7855233
Germany,Project interventions,2018,Reproductive health care,13020,71.83597966
Germany,Project interventions,2019,Family planning,13030,17.7153442
Germany,Project interventions,2019,Reproductive health care,13020,65.45025848999998
Germany,Specific purpose funds,2015,Reproductive health care,13020,1.19453
Germany,Specific purpose funds,2016,Reproductive health care,13020,0.884144
Germany,Specific purpose funds,2017,Reproductive health care,13020,1.04679
Germany,Specific purpose funds,2018,Reproductive health care,13020,1.60158
Germany,Specific purpose funds,2019,Reproductive health care,13020,14.7957726
Germany,Technical Assistance,2015,Family planning,13030,0.0040865
Germany,Technical Assistance,2015,Reproductive health care,13020,0.03045
Hungary,Project interventions,2019,Reproductive health care,13020,0.0223111
Hungary,Technical Assistance,2019,Reproductive health care,13020,0.000982132
Iceland,Project interventions,2019,Family planning,13030,0.22908679999999998
Iceland,Project interventions,2019,Reproductive health care,13020,0.392791
Iceland,Specific purpose funds,2015,Reproductive health care,13020,0.107385
Iceland,Specific purpose funds,2016,Reproductive health care,13020,0.111639
Iceland,Specific purpose funds,2018,Reproductive health care,13020,0.169046
Iceland,Specific purpose funds,2019,Reproductive health care,13020,0.565504
Inter-American Development Bank,Project interventions,2019,Reproductive health care,13020,
International Development Association,Budget support,2015,Reproductive health care,13020,0.0
International Development Association,Budget support,2016,Reproductive health care,13020,21.27648
International Development Association,Budget support,2017,Reproductive health care,13020,0.0
International Development Association,Budget support,2018,Reproductive health care,13020,
International Development Association,Budget support,2019,Family planning,13030,17.554180000000002
International Development Association,Budget support,2019,Reproductive health care,13020,25.267540000000004
International Development Association,Project interventions,2015,Family planning,13030,3.8420229
International Development Association,Project interventions,2015,Reproductive health care,13020,47.000750722999996
International Development Association,Project interventions,2016,Family planning,13030,21.401955299999997
International Development Association,Project interventions,2016,Reproductive health care,13020,100.43562
International Development Association,Project interventions,2017,Family planning,13030,8.062433200000001
International Development Association,Project interventions,2017,Reproductive health care,13020,120.04224905999997
International Development Association,Project interventions,2018,Family planning,13030,50.7789432
International Development Association,Project interventions,2018,Reproductive health care,13020,120.72663034
International Development Association,Project interventions,2019,Family planning,13030,4.753028
International Development Association,Project interventions,2019,Reproductive health care,13020,96.39254390000002
Ireland,"Core support to NGOs, etc",2015,Reproductive health care,13020,0.7929584000000001
Ireland,"Core support to NGOs, etc",2016,Family planning,13030,0.0280642
Ireland,"Core support to NGOs, etc",2016,Reproductive health care,13020,1.0414937
Ireland,"Core support to NGOs, etc",2017,Family planning,13030,0.0145633
Ireland,"Core support to NGOs, etc",2017,Reproductive health care,13020,0.29523044
Ireland,"Core support to NGOs, etc",2018,Family planning,13030,0.0146106
Ireland,"Core support to NGOs, etc",2018,Reproductive health care,13020,0.2741038
Ireland,"Core support to NGOs, etc",2019,Reproductive health care,13020,0.1512058
Ireland,Pooled funds,2015,Reproductive health care,13020,7.06563
Ireland,Project interventions,2015,Family planning,13030,0.0266928
Ireland,Project interventions,2015,Reproductive health care,13020,1.2042968
Ireland,Project interventions,2016,Family planning,13030,0.32089059999999997
Ireland,Project interventions,2016,Reproductive health care,13020,0.34837761
Ireland,Project interventions,2017,Family planning,13030,0.068832
Ireland,Project interventions,2017,Reproductive health care,13020,1.1467260799999999
Ireland,Project interventions,2018,Family planning,13030,1.1932603
Ireland,Project interventions,2018,Reproductive health care,13020,0.21013421000000002
Ireland,Project interventions,2019,Family planning,13030,0.03011305
Ireland,Project interventions,2019,Reproductive health care,13020,2.8302539700000002
Ireland,Specific purpose funds,2017,Reproductive health care,13020,0.576627
Islamic Development Bank,Project interventions,2016,Reproductive health care,13020,
Italy,"Core support to NGOs, etc",2015,Reproductive health care,13020,1.03321022
Italy,"Core support to NGOs, etc",2016,Reproductive health care,13020,1.1629899399999999
Italy,"Core support to NGOs, etc",2017,Family planning,13030,0.00312091
Italy,"Core support to NGOs, etc",2017,Reproductive health care,13020,0.6207421500000001
Italy,"Core support to NGOs, etc",2018,Family planning,13030,1.1806466422
Italy,"Core support to NGOs, etc",2018,Reproductive health care,13020,0.6189356199999999
Italy,"Core support to NGOs, etc",2019,Family planning,13030,0.072333636
Italy,"Core support to NGOs, etc",2019,Reproductive health care,13020,0.31595520000000005
Italy,Pooled funds,2019,Reproductive health care,13020,1.17542
Italy,Project interventions,2015,Reproductive health care,13020,1.6402454910000002
Italy,Project interventions,2016,Family planning,13030,0.0114727
Italy,Project interventions,2016,Reproductive health care,13020,0.8291799
Italy,Project interventions,2017,Reproductive health care,13020,1.7442381999999998
Italy,Project interventions,2018,Family planning,13030,0.252043
Italy,Project interventions,2018,Reproductive health care,13020,5.83919901
Italy,Project interventions,2019,Family planning,13030,0.000895556
Italy,Project interventions,2019,Reproductive health care,13020,5.142819310000001
Italy,Specific purpose funds,2015,Reproductive health care,13020,0.0
Italy,Specific purpose funds,2017,Reproductive health care,13020,0.569509
Italy,Specific purpose funds,2018,Reproductive health care,13020,0.0
Italy,Specific purpose funds,2019,Reproductive health care,13020,0.757727
Japan,"Core support to NGOs, etc",2015,Reproductive health care,13020,10.38875
Japan,"Core support to NGOs, etc",2016,Reproductive health care,13020,9.519977800000001
Japan,"Core support to NGOs, etc",2017,Family planning,13030,0.276329
Japan,"Core support to NGOs, etc",2017,Reproductive health care,13020,10.113814
Japan,"Core support to NGOs, etc",2018,Reproductive health care,13020,8.457216
Japan,"Core support to NGOs, etc",2019,Reproductive health care,13020,6.472415000000001
Japan,Non-transfer,2015,Reproductive health care,13020,0.015672
Japan,Non-transfer,2016,Reproductive health care,13020,0.0254581
Japan,Non-transfer,2018,Reproductive health care,13020,0.013984163999999995
Japan,Project interventions,2015,Reproductive health care,13020,19.38074711900002
Japan,Project interventions,2016,Reproductive health care,13020,18.826860599999996
Japan,Project interventions,2017,Family planning,13030,1.84301
Japan,Project interventions,2017,Reproductive health care,13020,18.507540048999996
Japan,Project interventions,2018,Reproductive health care,13020,19.070251439399993
Japan,Project interventions,2019,Reproductive health care,13020,15.602303432899992
Japan,Specific purpose funds,2015,Reproductive health care,13020,16.174768999999998
Japan,Specific purpose funds,2016,Reproductive health care,13020,16.306383
Japan,Specific purpose funds,2017,Reproductive health care,13020,10.056484750000001
Japan,Specific purpose funds,2018,Reproductive health care,13020,7.122899800000001
Japan,Specific purpose funds,2019,Reproductive health care,13020,5.428605
Korea,"Core support to NGOs, etc",2018,Reproductive health care,13020,0.0756708
Korea,Pooled funds,2016,Reproductive health care,13020,0.995602
Korea,Project interventions,2015,Reproductive health care,13020,8.2911315
Korea,Project interventions,2016,Reproductive health care,13020,10.620254000000001
Korea,Project interventions,2017,Reproductive health care,13020,19.0103386
Korea,Project interventions,2018,Family planning,13030,1.2857889999999998
Korea,Project interventions,2018,Reproductive health care,13020,12.673255
Korea,Project interventions,2019,Family planning,13030,2.711777
Korea,Project interventions,2019,Reproductive health care,13020,6.721741999999999
Korea,Specific purpose funds,2015,Reproductive health care,13020,5.54198
Korea,Technical Assistance,2016,Reproductive health care,13020,0.213768
Korea,Technical Assistance,2017,Family planning,13030,0.0286984
Korea,Technical Assistance,2017,Reproductive health care,13020,0.33085000000000003
Korea,Technical Assistance,2018,Reproductive health care,13020,0.18596408
Korea,Technical Assistance,2019,Reproductive health care,13020,0.262611
Luxembourg,Project interventions,2015,Family planning,13030,0.303988
Luxembourg,Project interventions,2015,Reproductive health care,13020,3.799728
Luxembourg,Project interventions,2016,Family planning,13030,7.690153700000001
Luxembourg,Project interventions,2016,Reproductive health care,13020,1.6377738999999998
Luxembourg,Project interventions,2017,Family planning,13030,0.0161273
Luxembourg,Project interventions,2017,Reproductive health care,13020,2.3204979
Luxembourg,Project interventions,2018,Family planning,13030,3.2600181
Luxembourg,Project interventions,2018,Reproductive health care,13020,3.8128
Luxembourg,Project interventions,2019,Family planning,13030,2.8640621
Luxembourg,Project interventions,2019,Reproductive health care,13020,0.51325
Luxembourg,Specific purpose funds,2019,Reproductive health care,13020,2.015
Netherlands,"Core support to NGOs, etc",2015,Family planning,13030,3.46653
Netherlands,"Core support to NGOs, etc",2015,Reproductive health care,13020,5.1993388000000005
Netherlands,"Core support to NGOs, etc",2016,Family planning,13030,8.630749999999999
Netherlands,"Core support to NGOs, etc",2016,Reproductive health care,13020,21.311515
Netherlands,"Core support to NGOs, etc",2017,Family planning,13030,4.92169
Netherlands,"Core support to NGOs, etc",2017,Reproductive health care,13020,21.777843999999998
Netherlands,"Core support to NGOs, etc",2018,Family planning,13030,5.91197
Netherlands,"Core support to NGOs, etc",2018,Reproductive health care,13020,15.602801999999999
Netherlands,"Core support to NGOs, etc",2019,Family planning,13030,3.30065
Netherlands,"Core support to NGOs, etc",2019,Reproductive health care,13020,18.802273
Netherlands,Pooled funds,2015,Reproductive health care,13020,2.3896059999999997
Netherlands,Pooled funds,2016,Reproductive health care,13020,13.691793
Netherlands,Pooled funds,2017,Reproductive health care,13020,13.207077
Netherlands,Pooled funds,2018,Reproductive health care,13020,11.1559
Netherlands,Pooled funds,2019,Reproductive health care,13020,12.5126
Netherlands,Project interventions,2015,Family planning,13030,3.0826240000000005
Netherlands,Project interventions,2015,Reproductive health care,13020,116.4678156
Netherlands,Project interventions,2016,Family planning,13030,12.519592699999999
Netherlands,Project interventions,2016,Reproductive health care,13020,145.537888324
Netherlands,Project interventions,2017,Family planning,13030,22.67713063
Netherlands,Project interventions,2017,Reproductive health care,13020,125.96143449999998
Netherlands,Project interventions,2018,Family planning,13030,19.517291563000004
Netherlands,Project interventions,2018,Reproductive health care,13020,127.02135075999999
Netherlands,Project interventions,2019,Family planning,13030,26.294899
Netherlands,Project interventions,2019,Reproductive health care,13020,134.38300719999998
Netherlands,Specific purpose funds,2015,Reproductive health care,13020,1.52041
Netherlands,Specific purpose funds,2018,Reproductive health care,13020,21.3209
Netherlands,Specific purpose funds,2019,Reproductive health care,13020,7.80253
Netherlands,Technical Assistance,2015,Family planning,13030,0.590498
Netherlands,Technical Assistance,2015,Reproductive health care,13020,5.653478999999999
Netherlands,Technical Assistance,2016,Family planning,13030,0.280511
Netherlands,Technical Assistance,2016,Reproductive health care,13020,3.4460064
Netherlands,Technical Assistance,2017,Family planning,13030,0.220272
Netherlands,Technical Assistance,2017,Reproductive health care,13020,1.9095936999999998
Netherlands,Technical Assistance,2018,Family planning,13030,0.0138273
Netherlands,Technical Assistance,2018,Reproductive health care,13020,2.6023975999999998
Netherlands,Technical Assistance,2019,Reproductive health care,13020,0.80020351
New Zealand,"Core support to NGOs, etc",2015,Reproductive health care,13020,1.79175
New Zealand,"Core support to NGOs, etc",2016,Reproductive health care,13020,1.76045
New Zealand,"Core support to NGOs, etc",2017,Reproductive health care,13020,1.70386
New Zealand,"Core support to NGOs, etc",2018,Reproductive health care,13020,1.68421
New Zealand,"Core support to NGOs, etc",2019,Reproductive health care,13020,1.6469
New Zealand,Project interventions,2015,Family planning,13030,0.537524
New Zealand,Project interventions,2015,Reproductive health care,13020,0.2997006
New Zealand,Project interventions,2016,Family planning,13030,0.35209
New Zealand,Project interventions,2016,Reproductive health care,13020,0.0224852
New Zealand,Project interventions,2017,Family planning,13030,0.340772
New Zealand,Project interventions,2017,Reproductive health care,13020,0.0190832
New Zealand,Project interventions,2018,Family planning,13030,0.539624
New Zealand,Project interventions,2018,Reproductive health care,13020,0.012547
New Zealand,Project interventions,2019,Family planning,13030,0.49726620000000005
New Zealand,Project interventions,2019,Reproductive health care,13020,0.465673
New Zealand,Specific purpose funds,2015,Reproductive health care,13020,1.12522
New Zealand,Specific purpose funds,2016,Reproductive health care,13020,0.704236
New Zealand,Specific purpose funds,2017,Reproductive health care,13020,0.681543
New Zealand,Specific purpose funds,2018,Reproductive health care,13020,0.626527
New Zealand,Specific purpose funds,2019,Family planning,13030,0.322793
Norway,"Core support to NGOs, etc",2015,Family planning,13030,1.6004116000000002
Norway,"Core support to NGOs, etc",2015,Reproductive health care,13020,2.780856
Norway,"Core support to NGOs, etc",2016,Family planning,13030,5.364365899999999
Norway,"Core support to NGOs, etc",2016,Reproductive health care,13020,1.4863022000000001
Norway,"Core support to NGOs, etc",2017,Family planning,13030,
Norway,"Core support to NGOs, etc",2017,Reproductive health care,13020,17.234296900000004
Norway,"Core support to NGOs, etc",2018,Family planning,13030,0.4336633
Norway,"Core support to NGOs, etc",2018,Reproductive health care,13020,18.28109912
Norway,"Core support to NGOs, etc",2019,Family planning,13030,0.5527144
Norway,"Core support to NGOs, etc",2019,Reproductive health care,13020,16.621142000000003
Norway,Pooled funds,2015,Family planning,13030,0.309007
Norway,Pooled funds,2016,Reproductive health care,13020,0.0
Norway,Project interventions,2015,Family planning,13030,0.803418
Norway,Project interventions,2015,Reproductive health care,13020,5.895271700000001
Norway,Project interventions,2016,Family planning,13030,0.62341
Norway,Project interventions,2016,Reproductive health care,13020,2.4111243
Norway,Project interventions,2017,Family planning,13030,1.88991
Norway,Project interventions,2017,Reproductive health care,13020,6.016720899999999
Norway,Project interventions,2018,Family planning,13030,4.435760999999999
Norway,Project interventions,2018,Reproductive health care,13020,4.567106999999999
Norway,Project interventions,2019,Family planning,13030,4.49802059
Norway,Project interventions,2019,Reproductive health care,13020,5.948845799999999
Norway,Specific purpose funds,2015,Reproductive health care,13020,61.554184
Norway,Specific purpose funds,2016,Reproductive health care,13020,0.0
Norway,Specific purpose funds,2017,Reproductive health care,13020,0.844787
Norway,Specific purpose funds,2018,Family planning,13030,6.78942
Norway,Specific purpose funds,2018,Reproductive health care,13020,5.09207
Norway,Specific purpose funds,2019,Family planning,13030,10.51304
Norway,Specific purpose funds,2019,Reproductive health care,13020,0.923442
Norway,Technical Assistance,2015,Reproductive health care,13020,0.72451945
Norway,Technical Assistance,2016,Reproductive health care,13020,0.820435963
Norway,Technical Assistance,2017,Family planning,13030,0.2917292
Norway,Technical Assistance,2017,Reproductive health care,13020,0.5274007000000001
Norway,Technical Assistance,2018,Family planning,13030,0.1963014
Norway,Technical Assistance,2018,Reproductive health care,13020,0.36932645000000003
Norway,Technical Assistance,2019,Reproductive health care,13020,0.55946613
OPEC Fund for International Development,Project interventions,2015,Reproductive health care,13020,
OPEC Fund for International Development,Project interventions,2017,Reproductive health care,13020,0.320273
OPEC Fund for International Development,Project interventions,2018,Reproductive health care,13020,0.245246
OPEC Fund for International Development,Project interventions,2019,Reproductive health care,13020,0.15
Poland,Project interventions,2015,Reproductive health care,13020,0.15584496
Poland,Project interventions,2016,Reproductive health care,13020,0.20303274
Poland,Project interventions,2017,Reproductive health care,13020,0.069398
Poland,Project interventions,2018,Reproductive health care,13020,0.0323898
Poland,Project interventions,2019,Reproductive health care,13020,0.0167917
Poland,Specific purpose funds,2015,Reproductive health care,13020,0.030558
Poland,Specific purpose funds,2016,Reproductive health care,13020,0.030463
Poland,Specific purpose funds,2017,Reproductive health care,13020,0.097877
Poland,Specific purpose funds,2018,Reproductive health care,13020,0.0617901
Poland,Specific purpose funds,2019,Reproductive health care,13020,0.0520901
Portugal,Project interventions,2015,Reproductive health care,13020,0.33134943
Portugal,Project interventions,2016,Reproductive health care,13020,0.5584228499999999
Portugal,Project interventions,2017,Reproductive health care,13020,0.52835717
Portugal,Project interventions,2018,Reproductive health care,13020,0.9637668
Portugal,Project interventions,2019,Reproductive health care,13020,0.66049902
Portugal,Specific purpose funds,2015,Reproductive health care,13020,0.0610976
Portugal,Specific purpose funds,2018,Reproductive health care,13020,0.0227655
Portugal,Technical Assistance,2016,Reproductive health care,13020,0.125687
Qatar,Project interventions,2019,Reproductive health care,13020,0.24
Saudi Arabia,Project interventions,2015,Reproductive health care,13020,0.33721300000000004
Saudi Arabia,Project interventions,2016,Reproductive health care,13020,3.43896
Saudi Arabia,Project interventions,2017,Reproductive health care,13020,2.0485
Saudi Arabia,Specific purpose funds,2015,Reproductive health care,13020,2.60616
Slovak Republic,"Core support to NGOs, etc",2016,Family planning,13030,0.0118678
Slovak Republic,Project interventions,2017,Reproductive health care,13020,0.0
Slovak Republic,Project interventions,2018,Reproductive health care,13020,0.183209
Slovak Republic,Project interventions,2019,Reproductive health care,13020,0.04457
Slovenia,Project interventions,2015,Reproductive health care,13020,0.0287304
Slovenia,Project interventions,2016,Reproductive health care,13020,0.0367886
Slovenia,Project interventions,2017,Reproductive health care,13020,0.0292355
Slovenia,Specific purpose funds,2017,Reproductive health care,13020,0.0058471
Slovenia,Specific purpose funds,2018,Reproductive health care,13020,0.0286186
Slovenia,Specific purpose funds,2019,Reproductive health care,13020,0.0279861
Spain,Project interventions,2015,Family planning,13030,0.2571789
Spain,Project interventions,2015,Reproductive health care,13020,6.21811983
Spain,Project interventions,2016,Family planning,13030,0.8967029
Spain,Project interventions,2016,Reproductive health care,13020,8.377970430000001
Spain,Project interventions,2017,Family planning,13030,0.36678519600000004
Spain,Project interventions,2017,Reproductive health care,13020,7.26660357
Spain,Project interventions,2018,Family planning,13030,0.39611290000000005
Spain,Project interventions,2018,Reproductive health care,13020,10.648704619999998
Spain,Project interventions,2019,Family planning,13030,0.29101186999999995
Spain,Project interventions,2019,Reproductive health care,13020,10.568213034000001
Spain,Specific purpose funds,2015,Reproductive health care,13020,0.233431
Spain,Specific purpose funds,2016,Family planning,13030,0.0581698
Spain,Specific purpose funds,2016,Reproductive health care,13020,0.6398678
Spain,Specific purpose funds,2017,Family planning,13030,0.0
Spain,Specific purpose funds,2017,Reproductive health care,13020,0.18145840000000002
Spain,Specific purpose funds,2018,Reproductive health care,13020,0.283747
Spain,Specific purpose funds,2019,Family planning,13030,0.223889
Spain,Technical Assistance,2015,Reproductive health care,13020,0.010346821
Spain,Technical Assistance,2016,Reproductive health care,13020,0.0026351
Spain,Technical Assistance,2018,Reproductive health care,13020,0.00221322
Spain,Technical Assistance,2019,Reproductive health care,13020,0.01063473
Sweden,"Core support to NGOs, etc",2015,Reproductive health care,13020,31.363675299999993
Sweden,"Core support to NGOs, etc",2016,Reproductive health care,13020,24.195644
Sweden,"Core support to NGOs, etc",2017,Reproductive health care,13020,29.451212999999996
Sweden,"Core support to NGOs, etc",2018,Reproductive health care,13020,13.574091000000001
Sweden,"Core support to NGOs, etc",2019,Reproductive health care,13020,13.61473
Sweden,Pooled funds,2015,Reproductive health care,13020,9.7988
Sweden,Pooled funds,2016,Reproductive health care,13020,5.79922
Sweden,Pooled funds,2017,Reproductive health care,13020,6.09147
Sweden,Pooled funds,2018,Reproductive health care,13020,21.29666
Sweden,Project interventions,2015,Family planning,13030,1.03752
Sweden,Project interventions,2015,Reproductive health care,13020,15.073381399999999
Sweden,Project interventions,2016,Reproductive health care,13020,24.46574418
Sweden,Project interventions,2017,Reproductive health care,13020,25.310578699999994
Sweden,Project interventions,2018,Reproductive health care,13020,25.19489249999999
Sweden,Project interventions,2019,Reproductive health care,13020,44.9425442
Sweden,Specific purpose funds,2015,Reproductive health care,13020,11.98912
Sweden,Specific purpose funds,2016,Reproductive health care,13020,35.181239
Sweden,Specific purpose funds,2017,Reproductive health care,13020,43.89093400000001
Sweden,Specific purpose funds,2018,Reproductive health care,13020,36.94735213
Sweden,Specific purpose funds,2019,Family planning,13030,0.0965535
Sweden,Specific purpose funds,2019,Reproductive health care,13020,50.24596421
Sweden,Technical Assistance,2015,Reproductive health care,13020,1.8661689
Sweden,Technical Assistance,2016,Family planning,13030,
Sweden,Technical Assistance,2016,Reproductive health care,13020,0.6037233000000001
Sweden,Technical Assistance,2017,Family planning,13030,0.354593
Sweden,Technical Assistance,2017,Reproductive health care,13020,0.9029310999999999
Sweden,Technical Assistance,2018,Reproductive health care,13020,2.4834899799999994
Sweden,Technical Assistance,2019,Reproductive health care,13020,3.15920151
Switzerland,Budget support,2017,Reproductive health care,13020,0.6272453
Switzerland,Budget support,2018,Reproductive health care,13020,0.40238
Switzerland,Budget support,2019,Reproductive health care,13020,0.4072284
Switzerland,"Core support to NGOs, etc",2015,Reproductive health care,13020,2.00882
Switzerland,"Core support to NGOs, etc",2016,Reproductive health care,13020,2.01763
Switzerland,"Core support to NGOs, etc",2017,Reproductive health care,13020,1.01265
Switzerland,"Core support to NGOs, etc",2018,Reproductive health care,13020,2.26048674
Switzerland,"Core support to NGOs, etc",2019,Reproductive health care,13020,2.989886
Switzerland,Project interventions,2015,Reproductive health care,13020,7.62055861
Switzerland,Project interventions,2016,Reproductive health care,13020,4.2943776300000005
Switzerland,Project interventions,2017,Family planning,13030,0.20799855
Switzerland,Project interventions,2017,Reproductive health care,13020,5.963105931472001
Switzerland,Project interventions,2018,Family planning,13030,0.0201099
Switzerland,Project interventions,2018,Reproductive health care,13020,4.339322846999999
Switzerland,Project interventions,2019,Reproductive health care,13020,4.6349488370000005
Switzerland,Specific purpose funds,2015,Reproductive health care,13020,0.401232
Switzerland,Specific purpose funds,2016,Reproductive health care,13020,2.0680709999999998
Switzerland,Specific purpose funds,2017,Reproductive health care,13020,2.0149969
Switzerland,Specific purpose funds,2018,Reproductive health care,13020,2.221026319
Switzerland,Specific purpose funds,2019,Reproductive health care,13020,2.4610442
Switzerland,Technical Assistance,2015,Reproductive health care,13020,0.100519589
Switzerland,Technical Assistance,2016,Reproductive health care,13020,0.0337075
Switzerland,Technical Assistance,2017,Reproductive health care,13020,0.041077372
Switzerland,Technical Assistance,2018,Reproductive health care,13020,0.19747631
Switzerland,Technical Assistance,2019,Reproductive health care,13020,0.2222842
Thailand,"Core support to NGOs, etc",2016,Reproductive health care,13020,0.0217624
Turkey,Project interventions,2018,Reproductive health care,13020,0.15914249
Turkey,Project interventions,2019,Reproductive health care,13020,0.0492397
Turkey,Technical Assistance,2018,Family planning,13030,0.00217537
UNFPA,Project interventions,2015,Family planning,13030,22.268947267490006
UNFPA,Project interventions,2015,Reproductive health care,13020,35.96881895670502
UNFPA,Project interventions,2016,Family planning,13030,21.57955383071999
UNFPA,Project interventions,2016,Reproductive health care,13020,53.94685504142302
UNFPA,Project interventions,2017,Family planning,13030,18.70294966912499
UNFPA,Project interventions,2017,Reproductive health care,13020,37.24365788674149
UNFPA,Project interventions,2018,Family planning,13030,20.51145115887001
UNFPA,Project interventions,2018,Reproductive health care,13020,18.903650397240018
UNFPA,Project interventions,2019,Family planning,13030,24.841409941999988
UNFPA,Project interventions,2019,Reproductive health care,13020,32.550073406
UNICEF,Non-transfer,2019,Reproductive health care,13020,0.484
UNICEF,Project interventions,2015,Family planning,13030,0.01846395
UNICEF,Project interventions,2015,Reproductive health care,13020,15.417669197000007
UNICEF,Project interventions,2016,Family planning,13030,0.066250759
UNICEF,Project interventions,2016,Reproductive health care,13020,16.72636384590001
UNICEF,Project interventions,2017,Reproductive health care,13020,22.40342420000001
UNICEF,Project interventions,2018,Family planning,13030,0.11724782886999999
UNICEF,Project interventions,2018,Reproductive health care,13020,25.109309187290012
UNICEF,Project interventions,2019,Family planning,13030,0.132
UNICEF,Project interventions,2019,Reproductive health care,13020,22.03199999999999
United Arab Emirates,Project interventions,2015,Reproductive health care,13020,
United Arab Emirates,Project interventions,2016,Reproductive health care,13020,21.484106699999998
United Arab Emirates,Specific purpose funds,2015,Reproductive health care,13020,1.05129
United Arab Emirates,Specific purpose funds,2018,Family planning,13030,0.0980983
United Kingdom,Budget support,2015,Reproductive health care,13020,4.73782
United Kingdom,Budget support,2016,Family planning,13030,0.699098
United Kingdom,Budget support,2017,Family planning,13030,0.617514
United Kingdom,Budget support,2017,Reproductive health care,13020,0.0686126
United Kingdom,Budget support,2018,Family planning,13030,0.762239
United Kingdom,Budget support,2018,Reproductive health care,13020,0.0846932
United Kingdom,Budget support,2019,Family planning,13030,0.105964
United Kingdom,Budget support,2019,Reproductive health care,13020,0.0117737
United Kingdom,Non-transfer,2017,Family planning,13030,0.0192454
United Kingdom,Pooled funds,2016,Family planning,13030,0.00018056
United Kingdom,Pooled funds,2017,Family planning,13030,0.630946
United Kingdom,Project interventions,2015,Family planning,13030,60.22755131999999
United Kingdom,Project interventions,2015,Reproductive health care,13020,169.33694239199994
United Kingdom,Project interventions,2016,Family planning,13030,47.5869641
United Kingdom,Project interventions,2016,Reproductive health care,13020,170.8871118156
United Kingdom,Project interventions,2017,Family planning,13030,109.07421163000002
United Kingdom,Project interventions,2017,Reproductive health care,13020,170.53152719800008
United Kingdom,Project interventions,2018,Family planning,13030,108.39646720000003
United Kingdom,Project interventions,2018,Reproductive health care,13020,138.473268439
United Kingdom,Project interventions,2019,Family planning,13030,149.705128932
United Kingdom,Project interventions,2019,Reproductive health care,13020,93.51758150500004
United Kingdom,Specific purpose funds,2015,Family planning,13030,78.470236
United Kingdom,Specific purpose funds,2015,Reproductive health care,13020,105.2586
United Kingdom,Specific purpose funds,2016,Family planning,13030,67.22609999999999
United Kingdom,Specific purpose funds,2016,Reproductive health care,13020,107.37642790000001
United Kingdom,Specific purpose funds,2017,Family planning,13030,75.69451000000001
United Kingdom,Specific purpose funds,2017,Reproductive health care,13020,60.12048620000001
United Kingdom,Specific purpose funds,2018,Family planning,13030,115.0253828
United Kingdom,Specific purpose funds,2018,Reproductive health care,13020,67.34529642
United Kingdom,Specific purpose funds,2019,Family planning,13030,165.5827547
United Kingdom,Specific purpose funds,2019,Reproductive health care,13020,83.0117574
United Kingdom,Technical Assistance,2015,Family planning,13030,7.4387063289999995
United Kingdom,Technical Assistance,2015,Reproductive health care,13020,45.886077289999996
United Kingdom,Technical Assistance,2016,Family planning,13030,1.0352569999999999
United Kingdom,Technical Assistance,2016,Reproductive health care,13020,29.236120030000006
United Kingdom,Technical Assistance,2017,Family planning,13030,4.45528003
United Kingdom,Technical Assistance,2017,Reproductive health care,13020,10.474033580000002
United Kingdom,Technical Assistance,2018,Family planning,13030,3.2002786499999996
United Kingdom,Technical Assistance,2018,Reproductive health care,13020,6.4392065547
United Kingdom,Technical Assistance,2019,Family planning,13030,6.637525553
United Kingdom,Technical Assistance,2019,Reproductive health care,13020,15.557681683
United States,Budget support,2015,Family planning,13030,0.0393308
United States,Budget support,2015,Reproductive health care,13020,5.758608
United States,Budget support,2016,Family planning,13030,1.66992
United States,Budget support,2016,Reproductive health care,13020,5.33437
United States,Budget support,2017,Family planning,13030,0.521145
United States,Budget support,2017,Reproductive health care,13020,0.970539
United States,Budget support,2018,Family planning,13030,0.101785
United States,Budget support,2018,Reproductive health care,13020,0.1177858
United States,Project interventions,2015,Family planning,13030,648.7060909691205
United States,Project interventions,2015,Reproductive health care,13020,525.9463686285309
United States,Project interventions,2016,Family planning,13030,456.17027975277955
United States,Project interventions,2016,Reproductive health care,13020,555.7897994618002
United States,Project interventions,2017,Family planning,13030,484.78275100479965
United States,Project interventions,2017,Reproductive health care,13020,532.3128280445003
United States,Project interventions,2018,Family planning,13030,616.0490622445997
United States,Project interventions,2018,Reproductive health care,13020,581.5212469474005
United States,Project interventions,2019,Family planning,13030,393.8618910000001
United States,Project interventions,2019,Reproductive health care,13020,470.6502970000001
United States,Specific purpose funds,2015,Family planning,13030,20.7793699
United States,Specific purpose funds,2015,Reproductive health care,13020,165.55364191000007
United States,Specific purpose funds,2016,Family planning,13030,15.044288418899999
United States,Specific purpose funds,2016,Reproductive health care,13020,75.53776370999998
United States,Specific purpose funds,2017,Family planning,13030,9.60428257
United States,Specific purpose funds,2017,Reproductive health care,13020,170.09760589
United States,Specific purpose funds,2018,Family planning,13030,3.79843813
United States,Specific purpose funds,2018,Reproductive health care,13020,66.83131674300002
United States,Specific purpose funds,2019,Family planning,13030,24.389773999999996
United States,Specific purpose funds,2019,Reproductive health care,13020,82.777355
United States,Technical Assistance,2015,Family planning,13030,8.705371599999998
United States,Technical Assistance,2015,Reproductive health care,13020,5.12467995
United States,Technical Assistance,2016,Family planning,13030,4.688113100000001
United States,Technical Assistance,2016,Reproductive health care,13020,3.328225683
United States,Technical Assistance,2017,Family planning,13030,1.0137613058000001
United States,Technical Assistance,2017,Reproductive health care,13020,3.638468
United States,Technical Assistance,2018,Family planning,13030,1.09429144
United States,Technical Assistance,2018,Reproductive health care,13020,2.796995439
United States,Technical Assistance,2019,Family planning,13030,0.10724500000000001
United States,Technical Assistance,2019,Reproductive health care,13020,6.117992999999999
World Health Organisation,Project interventions,2015,Reproductive health care,13020,35.76023226900001
World Health Organisation,Project interventions,2016,Reproductive health care,13020,27.908146529999993
World Health Organisation,Project interventions,2017,Reproductive health care,13020,31.49179268799998
World Health Organisation,Project interventions,2018,Reproductive health care,13020,28.460710788999993
World Health Organisation,Project interventions,2019,Reproductive health care,13020,45.274062103400034
