donor_name,aid_type_di_name,year,purpose_name,purpose_code,usd_disbursement_deflated_Sum
Asian Development Bank,Budget support,2017,Reproductive health care,13020,0.0
Asian Development Bank,Budget support,2018,Reproductive health care,13020,
Asian Development Bank,Budget support,2019,Reproductive health care,13020,0.0
Asian Development Bank,Budget support,2020,Reproductive health care,13020,
Asian Development Bank,Project interventions,2016,Family planning,13030,
Asian Development Bank,Project interventions,2016,Reproductive health care,13020,0.436736
Asian Development Bank,Project interventions,2017,Reproductive health care,13020,0.440871
Asian Development Bank,Project interventions,2018,Reproductive health care,13020,0.702895
Asian Development Bank,Project interventions,2019,Reproductive health care,13020,0.145024
Asian Development Bank,Project interventions,2020,Reproductive health care,13020,0.356117
Asian Development Bank,Technical assistance,2016,Reproductive health care,13020,0.041632
Asian Development Bank,Technical assistance,2017,Reproductive health care,13020,0.0125979999999999
Asian Development Bank,Technical assistance,2020,Reproductive health care,13020,0.001157
Australia,"Core support to NGOs, PPPs and research institutes",2016,Reproductive health care,13020,6.233214
Australia,"Core support to NGOs, PPPs and research institutes",2017,Family planning,13030,1.321032
Australia,"Core support to NGOs, PPPs and research institutes",2017,Reproductive health care,13020,1.321032
Australia,"Core support to NGOs, PPPs and research institutes",2018,Family planning,13030,1.291685
Australia,"Core support to NGOs, PPPs and research institutes",2018,Reproductive health care,13020,2.009288
Australia,"Core support to NGOs, PPPs and research institutes",2020,Family planning,13030,1.324389
Australia,"Core support to NGOs, PPPs and research institutes",2020,Reproductive health care,13020,1.324389
Australia,Project interventions,2016,Reproductive health care,13020,8.289016
Australia,Project interventions,2017,Family planning,13030,7.013078999999999
Australia,Project interventions,2017,Reproductive health care,13020,11.460682
Australia,Project interventions,2018,Family planning,13030,4.560444
Australia,Project interventions,2018,Reproductive health care,13020,12.799016
Australia,Project interventions,2019,Family planning,13030,7.8478949999999985
Australia,Project interventions,2019,Reproductive health care,13020,8.930727
Australia,Project interventions,2020,Family planning,13030,6.467658
Australia,Project interventions,2020,Reproductive health care,13020,6.555452000000002
Australia,Specific purpose funds,2018,Reproductive health care,13020,0.461218
Australia,Technical assistance,2017,Reproductive health care,13020,0.008549
Austria,Project interventions,2016,Family planning,13030,0.020694
Austria,Project interventions,2016,Reproductive health care,13020,0.955608
Austria,Project interventions,2017,Reproductive health care,13020,0.277252
Austria,Project interventions,2018,Reproductive health care,13020,0.0398749999999999
Austria,Project interventions,2019,Family planning,13030,0.012822
Austria,Project interventions,2019,Reproductive health care,13020,0.15274
Austria,Project interventions,2020,Family planning,13030,0.002735
Austria,Project interventions,2020,Reproductive health care,13020,0.129345
Azerbaijan,Specific purpose funds,2020,Reproductive health care,13020,0.0013
Belgium,"Core support to NGOs, PPPs and research institutes",2016,Reproductive health care,13020,2.299092
Belgium,"Core support to NGOs, PPPs and research institutes",2017,Reproductive health care,13020,2.572534
Belgium,"Core support to NGOs, PPPs and research institutes",2018,Reproductive health care,13020,3.5302960000000003
Belgium,"Core support to NGOs, PPPs and research institutes",2019,Reproductive health care,13020,2.673931
Belgium,"Core support to NGOs, PPPs and research institutes",2020,Reproductive health care,13020,2.070868
Belgium,Non-transfer,2019,Reproductive health care,13020,0.026663
Belgium,Project interventions,2016,Family planning,13030,0.290719
Belgium,Project interventions,2016,Reproductive health care,13020,5.069091
Belgium,Project interventions,2017,Family planning,13030,4.010731
Belgium,Project interventions,2017,Reproductive health care,13020,4.447377
Belgium,Project interventions,2018,Family planning,13030,0.548036
Belgium,Project interventions,2018,Reproductive health care,13020,2.543269
Belgium,Project interventions,2019,Family planning,13030,2.168003
Belgium,Project interventions,2019,Reproductive health care,13020,4.046075
Belgium,Project interventions,2020,Family planning,13030,0.34188
Belgium,Project interventions,2020,Reproductive health care,13020,16.461327
Belgium,Specific purpose funds,2017,Family planning,13030,2.384653
Belgium,Specific purpose funds,2018,Reproductive health care,13020,2.348965
Belgium,Specific purpose funds,2019,Reproductive health care,13020,3.174157
Belgium,Specific purpose funds,2020,Family planning,13030,2.279202
Belgium,Specific purpose funds,2020,Reproductive health care,13020,0.980057
Belgium,Technical assistance,2017,Reproductive health care,13020,0.161507
Belgium,Technical assistance,2020,Reproductive health care,13020,0.15219
Canada,Budget support,2018,Family planning,13030,0.0
Canada,Budget support,2018,Reproductive health care,13020,0.0
Canada,Budget support,2019,Family planning,13030,1.773945
Canada,Budget support,2019,Reproductive health care,13020,2.225917
Canada,Budget support,2020,Family planning,13030,1.819151
Canada,Budget support,2020,Reproductive health care,13020,1.822066
Canada,"Core support to NGOs, PPPs and research institutes",2016,Family planning,13030,0.157452
Canada,"Core support to NGOs, PPPs and research institutes",2016,Reproductive health care,13020,0.409377
Canada,"Core support to NGOs, PPPs and research institutes",2017,Family planning,13030,0.038285
Canada,"Core support to NGOs, PPPs and research institutes",2017,Reproductive health care,13020,0.099542
Canada,"Core support to NGOs, PPPs and research institutes",2018,Reproductive health care,13020,0.458369
Canada,"Core support to NGOs, PPPs and research institutes",2019,Reproductive health care,13020,0.537237
Canada,"Core support to NGOs, PPPs and research institutes",2020,Reproductive health care,13020,0.678497
Canada,Pooled funds,2016,Family planning,13030,0.478384
Canada,Pooled funds,2016,Reproductive health care,13020,2.4316750000000003
Canada,Pooled funds,2017,Family planning,13030,1.321526
Canada,Pooled funds,2017,Reproductive health care,13020,2.670402
Canada,Pooled funds,2018,Family planning,13030,2.9855089999999995
Canada,Pooled funds,2018,Reproductive health care,13020,4.467567
Canada,Pooled funds,2019,Family planning,13030,5.594403
Canada,Pooled funds,2019,Reproductive health care,13020,7.262467
Canada,Pooled funds,2020,Family planning,13030,7.070161000000001
Canada,Pooled funds,2020,Reproductive health care,13020,8.744035
Canada,Project interventions,2016,Family planning,13030,1.359381
Canada,Project interventions,2016,Reproductive health care,13020,13.442814000000002
Canada,Project interventions,2017,Family planning,13030,9.317701
Canada,Project interventions,2017,Reproductive health care,13020,27.81741699999999
Canada,Project interventions,2018,Family planning,13030,27.483951999999988
Canada,Project interventions,2018,Reproductive health care,13020,48.770280999999976
Canada,Project interventions,2019,Family planning,13030,19.91857300000001
Canada,Project interventions,2019,Reproductive health care,13020,44.27923600000001
Canada,Project interventions,2020,Family planning,13030,19.742570000000004
Canada,Project interventions,2020,Reproductive health care,13020,50.08417199999999
Canada,Specific purpose funds,2016,Family planning,13030,3.267659
Canada,Specific purpose funds,2016,Reproductive health care,13020,6.480229999999999
Canada,Specific purpose funds,2017,Family planning,13030,14.684162
Canada,Specific purpose funds,2017,Reproductive health care,13020,14.821176999999995
Canada,Specific purpose funds,2018,Family planning,13030,9.492969
Canada,Specific purpose funds,2018,Reproductive health care,13020,11.488390000000004
Canada,Specific purpose funds,2019,Family planning,13030,11.064889
Canada,Specific purpose funds,2019,Reproductive health care,13020,17.214643000000002
Canada,Specific purpose funds,2020,Family planning,13030,8.398615
Canada,Specific purpose funds,2020,Reproductive health care,13020,17.882231
Canada,Technical assistance,2016,Family planning,13030,0.151975
Canada,Technical assistance,2016,Reproductive health care,13020,0.108761
Canada,Technical assistance,2017,Family planning,13030,0.062108
Canada,Technical assistance,2017,Reproductive health care,13020,0.069433
Canada,Technical assistance,2018,Family planning,13030,0.378162
Canada,Technical assistance,2018,Reproductive health care,13020,0.022208
Canada,Technical assistance,2019,Family planning,13030,0.062687
Canada,Technical assistance,2019,Reproductive health care,13020,
Canada,Technical assistance,2020,Family planning,13030,0.122254
Canada,Technical assistance,2020,Reproductive health care,13020,0.122254
Caribbean Development Bank,Technical assistance,2019,Reproductive health care,13020,
Czech Republic,Project interventions,2016,Reproductive health care,13020,0.209226
Czech Republic,Project interventions,2017,Reproductive health care,13020,0.333773
Czech Republic,Project interventions,2018,Reproductive health care,13020,0.285715
Czech Republic,Project interventions,2019,Reproductive health care,13020,0.043799
Czech Republic,Project interventions,2020,Reproductive health care,13020,0.011696
Denmark,"Core support to NGOs, PPPs and research institutes",2016,Reproductive health care,13020,8.01716
Denmark,"Core support to NGOs, PPPs and research institutes",2017,Family planning,13030,0.792293
Denmark,"Core support to NGOs, PPPs and research institutes",2017,Reproductive health care,13020,11.884399
Denmark,"Core support to NGOs, PPPs and research institutes",2018,Family planning,13030,4.726591
Denmark,"Core support to NGOs, PPPs and research institutes",2018,Reproductive health care,13020,1.370712
Denmark,"Core support to NGOs, PPPs and research institutes",2019,Family planning,13030,8.60175
Denmark,"Core support to NGOs, PPPs and research institutes",2019,Reproductive health care,13020,3.909887
Denmark,"Core support to NGOs, PPPs and research institutes",2020,Family planning,13030,15.132986
Denmark,Project interventions,2016,Reproductive health care,13020,5.421204
Denmark,Project interventions,2017,Family planning,13030,0.001619
Denmark,Project interventions,2017,Reproductive health care,13020,2.555107
Denmark,Project interventions,2018,Family planning,13030,0.006189
Denmark,Project interventions,2018,Reproductive health care,13020,6.992642999999999
Denmark,Project interventions,2019,Family planning,13030,0.7245459999999999
Denmark,Project interventions,2019,Reproductive health care,13020,3.87541
Denmark,Project interventions,2020,Reproductive health care,13020,1.733293
Denmark,Specific purpose funds,2017,Family planning,13030,3.169173
Denmark,Specific purpose funds,2017,Reproductive health care,13020,31.77096
Denmark,Specific purpose funds,2018,Reproductive health care,13020,30.80162
Denmark,Specific purpose funds,2019,Reproductive health care,13020,37.902440000000006
Denmark,Specific purpose funds,2020,Family planning,13030,1.528585
Denmark,Specific purpose funds,2020,Reproductive health care,13020,0.435646
Denmark,Technical assistance,2016,Reproductive health care,13020,0.0
Denmark,Technical assistance,2020,Reproductive health care,13020,0.02229
Estonia,Project interventions,2020,Reproductive health care,13020,0.006838
EU Institutions,Budget support,2016,Reproductive health care,13020,6.137233
EU Institutions,Budget support,2019,Reproductive health care,13020,0.926367
EU Institutions,Budget support,2020,Reproductive health care,13020,1.709402
EU Institutions,Project interventions,2016,Family planning,13030,0.532475
EU Institutions,Project interventions,2016,Reproductive health care,13020,11.601394
EU Institutions,Project interventions,2017,Family planning,13030,1.024904
EU Institutions,Project interventions,2017,Reproductive health care,13020,10.652857999999998
EU Institutions,Project interventions,2018,Family planning,13030,3.870412
EU Institutions,Project interventions,2018,Reproductive health care,13020,5.856478
EU Institutions,Project interventions,2019,Family planning,13030,2.131088
EU Institutions,Project interventions,2019,Reproductive health care,13020,7.5572789999999985
EU Institutions,Project interventions,2020,Family planning,13030,4.290392
EU Institutions,Project interventions,2020,Reproductive health care,13020,19.053785
EU Institutions,Specific purpose funds,2016,Family planning,13030,0.0
EU Institutions,Specific purpose funds,2016,Reproductive health care,13020,21.652978
EU Institutions,Specific purpose funds,2017,Family planning,13030,20.321873
EU Institutions,Specific purpose funds,2017,Reproductive health care,13020,1.80365
EU Institutions,Specific purpose funds,2018,Family planning,13030,0.0
EU Institutions,Specific purpose funds,2018,Reproductive health care,13020,0.0
EU Institutions,Specific purpose funds,2019,Reproductive health care,13020,0.482788
EU Institutions,Specific purpose funds,2020,Reproductive health care,13020,0.0
EU Institutions,Technical assistance,2016,Reproductive health care,13020,0.019809
EU Institutions,Technical assistance,2018,Family planning,13030,0.098625
EU Institutions,Technical assistance,2018,Reproductive health care,13020,0.024141
EU Institutions,Technical assistance,2019,Reproductive health care,13020,0.002061
Finland,"Core support to NGOs, PPPs and research institutes",2017,Reproductive health care,13020,2.986418
Finland,"Core support to NGOs, PPPs and research institutes",2018,Family planning,13030,0.579699
Finland,"Core support to NGOs, PPPs and research institutes",2018,Reproductive health care,13020,1.768374
Finland,"Core support to NGOs, PPPs and research institutes",2019,Reproductive health care,13020,1.557984
Finland,"Core support to NGOs, PPPs and research institutes",2020,Reproductive health care,13020,4.159545
Finland,Project interventions,2016,Family planning,13030,0.142476
Finland,Project interventions,2016,Reproductive health care,13020,1.433316
Finland,Project interventions,2017,Family planning,13030,0.384223
Finland,Project interventions,2017,Reproductive health care,13020,1.57883
Finland,Project interventions,2018,Family planning,13030,0.798915
Finland,Project interventions,2018,Reproductive health care,13020,1.897777
Finland,Project interventions,2019,Family planning,13030,1.138819
Finland,Project interventions,2019,Reproductive health care,13020,2.193659
Finland,Project interventions,2020,Family planning,13030,0.973213
Finland,Project interventions,2020,Reproductive health care,13020,2.912892
Finland,Specific purpose funds,2016,Reproductive health care,13020,0.0
Finland,Specific purpose funds,2017,Reproductive health care,13020,2.898939
Finland,Specific purpose funds,2018,Family planning,13030,0.015567
Finland,Specific purpose funds,2018,Reproductive health care,13020,1.420898
Finland,Specific purpose funds,2019,Family planning,13030,0.045441
Finland,Specific purpose funds,2019,Reproductive health care,13020,1.961905
Finland,Specific purpose funds,2020,Reproductive health care,13020,4.0113970000000005
France,Budget support,2020,Family planning,13030,3.418803
France,Non-transfer,2018,Reproductive health care,13020,0.518095
France,Project interventions,2016,Family planning,13030,9.391977999999998
France,Project interventions,2016,Reproductive health care,13020,8.756475
France,Project interventions,2017,Family planning,13030,10.025362
France,Project interventions,2017,Reproductive health care,13020,18.1698
France,Project interventions,2018,Family planning,13030,7.035623999999999
France,Project interventions,2018,Reproductive health care,13020,16.999356999999996
France,Project interventions,2019,Family planning,13030,8.791019999999998
France,Project interventions,2019,Reproductive health care,13020,16.896498
France,Project interventions,2020,Family planning,13030,23.046644
France,Project interventions,2020,Reproductive health care,13020,15.334489
France,Technical assistance,2017,Reproductive health care,13020,0.005976
France,Technical assistance,2018,Family planning,13030,0.0657939999999999
France,Technical assistance,2019,Family planning,13030,0.070104
Germany,"Core support to NGOs, PPPs and research institutes",2016,Family planning,13030,0.756046
Germany,"Core support to NGOs, PPPs and research institutes",2016,Reproductive health care,13020,9.427782
Germany,"Core support to NGOs, PPPs and research institutes",2017,Family planning,13030,0.48188
Germany,"Core support to NGOs, PPPs and research institutes",2017,Reproductive health care,13020,9.569601000000002
Germany,"Core support to NGOs, PPPs and research institutes",2018,Family planning,13030,1.075391
Germany,"Core support to NGOs, PPPs and research institutes",2018,Reproductive health care,13020,9.134483
Germany,"Core support to NGOs, PPPs and research institutes",2019,Family planning,13030,2.747388
Germany,"Core support to NGOs, PPPs and research institutes",2019,Reproductive health care,13020,1.130691
Germany,"Core support to NGOs, PPPs and research institutes",2020,Family planning,13030,2.622324
Germany,"Core support to NGOs, PPPs and research institutes",2020,Reproductive health care,13020,1.5244329999999997
Germany,Pooled funds,2016,Reproductive health care,13020,1.321871
Germany,Pooled funds,2017,Reproductive health care,13020,0.562005
Germany,Pooled funds,2018,Reproductive health care,13020,0.185498
Germany,Project interventions,2016,Family planning,13030,13.305756
Germany,Project interventions,2016,Reproductive health care,13020,114.326579
Germany,Project interventions,2017,Family planning,13030,16.965626
Germany,Project interventions,2017,Reproductive health care,13020,85.556823
Germany,Project interventions,2018,Family planning,13030,16.303347
Germany,Project interventions,2018,Reproductive health care,13020,74.19242200000002
Germany,Project interventions,2019,Family planning,13030,18.320318
Germany,Project interventions,2019,Reproductive health care,13020,67.685328
Germany,Project interventions,2020,Family planning,13030,17.5973
Germany,Project interventions,2020,Reproductive health care,13020,89.12955900000004
Germany,Specific purpose funds,2016,Reproductive health care,13020,0.917235
Germany,Specific purpose funds,2017,Reproductive health care,13020,1.084341
Germany,Specific purpose funds,2018,Reproductive health care,13020,1.654122
Germany,Specific purpose funds,2019,Reproductive health care,13020,15.301078
Germany,Specific purpose funds,2020,Family planning,13030,2.322542
Germany,Specific purpose funds,2020,Reproductive health care,13020,19.373219
Hungary,Project interventions,2019,Reproductive health care,13020,0.022334
Hungary,Technical assistance,2019,Reproductive health care,13020,0.000983
Iceland,Project interventions,2019,Family planning,13030,0.214189
Iceland,Project interventions,2019,Reproductive health care,13020,0.367249
Iceland,Project interventions,2020,Family planning,13030,0.143491
Iceland,Project interventions,2020,Reproductive health care,13020,0.258631
Iceland,Specific purpose funds,2016,Reproductive health care,13020,0.10498
Iceland,Specific purpose funds,2018,Reproductive health care,13020,0.158162
Iceland,Specific purpose funds,2019,Reproductive health care,13020,0.528731
Iceland,Specific purpose funds,2020,Reproductive health care,13020,0.212683
Iceland,Technical assistance,2020,Reproductive health care,13020,0.191018
Inter-American Development Bank,Project interventions,2019,Reproductive health care,13020,
International Development Association,Budget support,2016,Reproductive health care,13020,21.855425
International Development Association,Budget support,2017,Reproductive health care,13020,0.0
International Development Association,Budget support,2018,Reproductive health care,13020,
International Development Association,Budget support,2019,Family planning,13030,18.04057
International Development Association,Budget support,2019,Reproductive health care,13020,25.96765
International Development Association,Budget support,2020,Reproductive health care,13020,1.552341
International Development Association,Project interventions,2016,Family planning,13030,21.984357000000003
International Development Association,Project interventions,2016,Reproductive health care,13020,103.168594
International Development Association,Project interventions,2017,Family planning,13030,8.285248000000001
International Development Association,Project interventions,2017,Reproductive health care,13020,123.35976599999996
International Development Association,Project interventions,2018,Family planning,13030,52.18177199999999
International Development Association,Project interventions,2018,Reproductive health care,13020,124.06183200000002
International Development Association,Project interventions,2019,Family planning,13030,4.884722999999999
International Development Association,Project interventions,2019,Reproductive health care,13020,99.06339000000004
International Development Association,Project interventions,2020,Family planning,13030,11.824465000000002
International Development Association,Project interventions,2020,Reproductive health care,13020,142.87653600000002
Ireland,"Core support to NGOs, PPPs and research institutes",2016,Family planning,13030,0.028657
Ireland,"Core support to NGOs, PPPs and research institutes",2016,Reproductive health care,13020,1.063477
Ireland,"Core support to NGOs, PPPs and research institutes",2017,Family planning,13030,0.014907
Ireland,"Core support to NGOs, PPPs and research institutes",2017,Reproductive health care,13020,0.302193
Ireland,"Core support to NGOs, PPPs and research institutes",2018,Family planning,13030,0.014879
Ireland,"Core support to NGOs, PPPs and research institutes",2018,Reproductive health care,13020,0.27914
Ireland,"Core support to NGOs, PPPs and research institutes",2019,Reproductive health care,13020,0.1519829999999999
Ireland,"Core support to NGOs, PPPs and research institutes",2020,Reproductive health care,13020,0.2250879999999999
Ireland,Project interventions,2016,Family planning,13030,0.327663
Ireland,Project interventions,2016,Reproductive health care,13020,0.3557309999999999
Ireland,Project interventions,2017,Family planning,13030,0.070455
Ireland,Project interventions,2017,Reproductive health care,13020,1.173771
Ireland,Project interventions,2018,Family planning,13030,1.215185
Ireland,Project interventions,2018,Reproductive health care,13020,0.213996
Ireland,Project interventions,2019,Family planning,13030,0.030268
Ireland,Project interventions,2019,Reproductive health care,13020,2.8447940000000003
Ireland,Project interventions,2020,Family planning,13030,0.039886
Ireland,Project interventions,2020,Reproductive health care,13020,3.733252
Ireland,Specific purpose funds,2017,Reproductive health care,13020,0.590226
Islamic Development Bank,Project interventions,2016,Reproductive health care,13020,
Islamic Development Bank,Technical assistance,2020,Family planning,13030,0.252
Islamic Development Bank,Technical assistance,2020,Reproductive health care,13020,0.14
Italy,"Core support to NGOs, PPPs and research institutes",2016,Reproductive health care,13020,1.200648
Italy,"Core support to NGOs, PPPs and research institutes",2017,Family planning,13030,0.003222
Italy,"Core support to NGOs, PPPs and research institutes",2017,Reproductive health care,13020,0.6408429999999999
Italy,"Core support to NGOs, PPPs and research institutes",2018,Family planning,13030,1.218435
Italy,"Core support to NGOs, PPPs and research institutes",2018,Reproductive health care,13020,0.638746
Italy,"Core support to NGOs, PPPs and research institutes",2019,Family planning,13030,0.074498
Italy,"Core support to NGOs, PPPs and research institutes",2019,Reproductive health care,13020,0.325402
Italy,"Core support to NGOs, PPPs and research institutes",2020,Family planning,13030,0.061141
Italy,"Core support to NGOs, PPPs and research institutes",2020,Reproductive health care,13020,0.6211279999999999
Italy,Pooled funds,2019,Reproductive health care,13020,1.210569
Italy,Pooled funds,2020,Reproductive health care,13020,1.709402
Italy,Project interventions,2016,Family planning,13030,0.011844
Italy,Project interventions,2016,Reproductive health care,13020,0.8560289999999999
Italy,Project interventions,2017,Reproductive health care,13020,1.800718
Italy,Project interventions,2018,Family planning,13030,0.260109
Italy,Project interventions,2018,Reproductive health care,13020,6.026077000000001
Italy,Project interventions,2019,Family planning,13030,0.000922
Italy,Project interventions,2019,Reproductive health care,13020,5.296623
Italy,Project interventions,2020,Family planning,13030,0.202977
Italy,Project interventions,2020,Reproductive health care,13020,1.9609660000000004
Italy,Specific purpose funds,2017,Reproductive health care,13020,0.58795
Italy,Specific purpose funds,2018,Reproductive health care,13020,0.0
Italy,Specific purpose funds,2019,Reproductive health care,13020,0.7803880000000001
Japan,"Core support to NGOs, PPPs and research institutes",2016,Reproductive health care,13020,9.836986
Japan,"Core support to NGOs, PPPs and research institutes",2017,Family planning,13030,0.285089
Japan,"Core support to NGOs, PPPs and research institutes",2017,Reproductive health care,13020,10.434444
Japan,"Core support to NGOs, PPPs and research institutes",2018,Reproductive health care,13020,8.71611
Japan,"Core support to NGOs, PPPs and research institutes",2019,Reproductive health care,13020,6.66677
Japan,"Core support to NGOs, PPPs and research institutes",2020,Reproductive health care,13020,3.982054
Japan,Non-transfer,2016,Reproductive health care,13020,0.026306
Japan,Non-transfer,2018,Reproductive health care,13020,0.0144129999999999
Japan,Project interventions,2016,Reproductive health care,13020,19.453771000000007
Japan,Project interventions,2017,Family planning,13030,1.90144
Japan,Project interventions,2017,Reproductive health care,13020,19.094256
Japan,Project interventions,2018,Reproductive health care,13020,19.654029
Japan,Project interventions,2019,Reproductive health care,13020,16.070823999999995
Japan,Project interventions,2020,Reproductive health care,13020,13.188775999999995
Japan,Specific purpose funds,2016,Reproductive health care,13020,16.849366
Japan,Specific purpose funds,2017,Reproductive health care,13020,10.37529
Japan,Specific purpose funds,2018,Reproductive health care,13020,7.340947000000001
Japan,Specific purpose funds,2019,Reproductive health care,13020,5.591618
Japan,Specific purpose funds,2020,Reproductive health care,13020,4.750539
Korea,"Core support to NGOs, PPPs and research institutes",2018,Reproductive health care,13020,0.075764
Korea,"Core support to NGOs, PPPs and research institutes",2020,Reproductive health care,13020,0.139815
Korea,Pooled funds,2016,Reproductive health care,13020,0.996828
Korea,Project interventions,2016,Reproductive health care,13020,10.633328999999998
Korea,Project interventions,2017,Reproductive health care,13020,19.033762999999997
Korea,Project interventions,2018,Family planning,13030,1.287373
Korea,Project interventions,2018,Reproductive health care,13020,12.688859000000004
Korea,Project interventions,2019,Family planning,13030,2.712852
Korea,Project interventions,2019,Reproductive health care,13020,6.724394
Korea,Project interventions,2020,Family planning,13030,1.776632
Korea,Project interventions,2020,Reproductive health care,13020,12.449257
Korea,Technical assistance,2016,Reproductive health care,13020,0.214032
Korea,Technical assistance,2017,Family planning,13030,0.028734
Korea,Technical assistance,2017,Reproductive health care,13020,0.3312589999999999
Korea,Technical assistance,2018,Reproductive health care,13020,0.186193
Korea,Technical assistance,2019,Reproductive health care,13020,0.262715
Luxembourg,Project interventions,2016,Family planning,13030,7.917776999999999
Luxembourg,Project interventions,2016,Reproductive health care,13020,1.686251
Luxembourg,Project interventions,2017,Family planning,13030,0.01653
Luxembourg,Project interventions,2017,Reproductive health care,13020,2.378499
Luxembourg,Project interventions,2018,Family planning,13030,3.366336
Luxembourg,Project interventions,2018,Reproductive health care,13020,3.937139
Luxembourg,Project interventions,2019,Family planning,13030,3.039712
Luxembourg,Project interventions,2019,Reproductive health care,13020,0.544726
Luxembourg,Project interventions,2020,Family planning,13030,0.010699
Luxembourg,Project interventions,2020,Reproductive health care,13020,3.0405200000000003
Luxembourg,Specific purpose funds,2019,Reproductive health care,13020,2.138577
Netherlands,"Core support to NGOs, PPPs and research institutes",2016,Family planning,13030,8.994000999999999
Netherlands,"Core support to NGOs, PPPs and research institutes",2016,Reproductive health care,13020,22.208491
Netherlands,"Core support to NGOs, PPPs and research institutes",2017,Family planning,13030,5.128814
Netherlands,"Core support to NGOs, PPPs and research institutes",2017,Reproductive health care,13020,22.694344
Netherlands,"Core support to NGOs, PPPs and research institutes",2018,Family planning,13030,6.1605170000000005
Netherlands,"Core support to NGOs, PPPs and research institutes",2018,Reproductive health care,13020,16.258758
Netherlands,"Core support to NGOs, PPPs and research institutes",2019,Family planning,13030,3.436767
Netherlands,"Core support to NGOs, PPPs and research institutes",2019,Reproductive health care,13020,19.577684
Netherlands,"Core support to NGOs, PPPs and research institutes",2020,Family planning,13030,1.579813
Netherlands,"Core support to NGOs, PPPs and research institutes",2020,Reproductive health care,13020,12.382417
Netherlands,Pooled funds,2016,Reproductive health care,13020,14.268059999999998
Netherlands,Pooled funds,2017,Reproductive health care,13020,13.762846
Netherlands,Pooled funds,2018,Reproductive health care,13020,11.624854
Netherlands,Pooled funds,2019,Reproductive health care,13020,13.02861
Netherlands,Project interventions,2016,Family planning,13030,13.046533
Netherlands,Project interventions,2016,Reproductive health care,13020,151.66336399999997
Netherlands,Project interventions,2017,Family planning,13030,23.631472
Netherlands,Project interventions,2017,Reproductive health care,13020,131.26252099999996
Netherlands,Project interventions,2018,Family planning,13030,20.337813
Netherlands,Project interventions,2018,Reproductive health care,13020,132.36140300000002
Netherlands,Project interventions,2019,Family planning,13030,27.379302000000003
Netherlands,Project interventions,2019,Reproductive health care,13020,139.92491899999996
Netherlands,Project interventions,2020,Family planning,13030,37.581744
Netherlands,Project interventions,2020,Reproductive health care,13020,135.30286400000003
Netherlands,Specific purpose funds,2018,Reproductive health care,13020,22.21721
Netherlands,Specific purpose funds,2019,Reproductive health care,13020,8.124304
Netherlands,Technical assistance,2016,Family planning,13030,0.292317
Netherlands,Technical assistance,2016,Reproductive health care,13020,3.5910430000000004
Netherlands,Technical assistance,2017,Family planning,13030,0.229542
Netherlands,Technical assistance,2017,Reproductive health care,13020,1.989959
Netherlands,Technical assistance,2018,Family planning,13030,0.014409
Netherlands,Technical assistance,2018,Reproductive health care,13020,2.711809
Netherlands,Technical assistance,2019,Reproductive health care,13020,0.833204
Netherlands,Technical assistance,2020,Reproductive health care,13020,0.4560349999999999
New Zealand,"Core support to NGOs, PPPs and research institutes",2016,Reproductive health care,13020,1.770759
New Zealand,"Core support to NGOs, PPPs and research institutes",2017,Reproductive health care,13020,1.713774
New Zealand,"Core support to NGOs, PPPs and research institutes",2018,Reproductive health care,13020,1.693157
New Zealand,"Core support to NGOs, PPPs and research institutes",2019,Reproductive health care,13020,1.655491
New Zealand,"Core support to NGOs, PPPs and research institutes",2020,Reproductive health care,13020,1.622113
New Zealand,Project interventions,2016,Family planning,13030,0.354152
New Zealand,Project interventions,2016,Reproductive health care,13020,0.022617
New Zealand,Project interventions,2017,Family planning,13030,0.342755
New Zealand,Project interventions,2017,Reproductive health care,13020,0.019194
New Zealand,Project interventions,2018,Family planning,13030,0.54249
New Zealand,Project interventions,2018,Reproductive health care,13020,0.012614
New Zealand,Project interventions,2019,Family planning,13030,0.4998579999999999
New Zealand,Project interventions,2019,Reproductive health care,13020,0.468101
New Zealand,Project interventions,2020,Family planning,13030,0.52269
New Zealand,Project interventions,2020,Reproductive health care,13020,0.426732
New Zealand,Specific purpose funds,2016,Reproductive health care,13020,0.70836
New Zealand,Specific purpose funds,2017,Reproductive health care,13020,0.685509
New Zealand,Specific purpose funds,2018,Reproductive health care,13020,0.629854
New Zealand,Specific purpose funds,2019,Family planning,13030,0.324476
New Zealand,Specific purpose funds,2020,Family planning,13030,0.973268
Norway,"Core support to NGOs, PPPs and research institutes",2016,Family planning,13030,4.83168
Norway,"Core support to NGOs, PPPs and research institutes",2016,Reproductive health care,13020,1.338712
Norway,"Core support to NGOs, PPPs and research institutes",2017,Family planning,13030,
Norway,"Core support to NGOs, PPPs and research institutes",2017,Reproductive health care,13020,15.522939
Norway,"Core support to NGOs, PPPs and research institutes",2018,Family planning,13030,0.390601
Norway,"Core support to NGOs, PPPs and research institutes",2018,Reproductive health care,13020,16.465765
Norway,"Core support to NGOs, PPPs and research institutes",2019,Family planning,13030,0.4980049999999999
Norway,"Core support to NGOs, PPPs and research institutes",2019,Reproductive health care,13020,14.975922
Norway,"Core support to NGOs, PPPs and research institutes",2020,Family planning,13030,0.539974
Norway,"Core support to NGOs, PPPs and research institutes",2020,Reproductive health care,13020,16.963575000000002
Norway,Pooled funds,2016,Reproductive health care,13020,0.0
Norway,Project interventions,2016,Family planning,13030,0.561505
Norway,Project interventions,2016,Reproductive health care,13020,2.171698
Norway,Project interventions,2017,Family planning,13030,1.702239
Norway,Project interventions,2017,Reproductive health care,13020,5.419250999999999
Norway,Project interventions,2018,Family planning,13030,3.995283
Norway,Project interventions,2018,Reproductive health care,13020,4.113586
Norway,Project interventions,2019,Family planning,13030,4.052796000000001
Norway,Project interventions,2019,Reproductive health care,13020,5.360007
Norway,Project interventions,2020,Family planning,13030,3.92267
Norway,Project interventions,2020,Reproductive health care,13020,6.026112
Norway,Specific purpose funds,2016,Reproductive health care,13020,0.0
Norway,Specific purpose funds,2017,Reproductive health care,13020,0.760899
Norway,Specific purpose funds,2018,Family planning,13030,6.11523
Norway,Specific purpose funds,2018,Reproductive health care,13020,4.586422
Norway,Specific purpose funds,2019,Family planning,13030,9.472413
Norway,Specific purpose funds,2019,Reproductive health care,13020,0.832036
Norway,Specific purpose funds,2020,Family planning,13030,6.320911
Norway,Specific purpose funds,2020,Reproductive health care,13020,1.699741
Norway,Technical assistance,2016,Reproductive health care,13020,0.7389669999999999
Norway,Technical assistance,2017,Family planning,13030,0.26276
Norway,Technical assistance,2017,Reproductive health care,13020,0.47503
Norway,Technical assistance,2018,Family planning,13030,0.176809
Norway,Technical assistance,2018,Reproductive health care,13020,0.3326509999999999
Norway,Technical assistance,2019,Reproductive health care,13020,0.504088
Norway,Technical assistance,2020,Reproductive health care,13020,0.395692
OPEC Fund for International Development,Project interventions,2017,Reproductive health care,13020,0.329124
OPEC Fund for International Development,Project interventions,2018,Reproductive health care,13020,0.252021
OPEC Fund for International Development,Project interventions,2019,Reproductive health care,13020,0.154156
Poland,Project interventions,2016,Reproductive health care,13020,0.208208
Poland,Project interventions,2017,Reproductive health care,13020,0.071167
Poland,Project interventions,2018,Reproductive health care,13020,0.033216
Poland,Project interventions,2019,Reproductive health care,13020,0.017212
Poland,Specific purpose funds,2016,Reproductive health care,13020,0.03124
Poland,Specific purpose funds,2017,Reproductive health care,13020,0.100372
Poland,Specific purpose funds,2018,Reproductive health care,13020,0.063365
Poland,Specific purpose funds,2019,Reproductive health care,13020,0.053395
Poland,Specific purpose funds,2020,Reproductive health care,13020,0.038467
Portugal,Project interventions,2016,Reproductive health care,13020,0.579899
Portugal,Project interventions,2017,Reproductive health care,13020,0.548678
Portugal,Project interventions,2018,Reproductive health care,13020,1.000833
Portugal,Project interventions,2019,Reproductive health care,13020,0.685449
Portugal,Project interventions,2020,Reproductive health care,13020,0.273349
Portugal,Specific purpose funds,2018,Reproductive health care,13020,0.023641
Portugal,Specific purpose funds,2020,Reproductive health care,13020,0.05698
Portugal,Technical assistance,2016,Reproductive health care,13020,0.130521
Qatar,Project interventions,2019,Reproductive health care,13020,0.24665
Qatar,Project interventions,2020,Reproductive health care,13020,2.3
Saudi Arabia,Project interventions,2016,Reproductive health care,13020,3.532542
Saudi Arabia,Project interventions,2017,Reproductive health care,13020,2.105115
Saudi Arabia,Specific purpose funds,2020,Reproductive health care,13020,5.177194
Slovak Republic,"Core support to NGOs, PPPs and research institutes",2016,Family planning,13030,0.01235
Slovak Republic,Project interventions,2017,Reproductive health care,13020,0.0
Slovak Republic,Project interventions,2018,Reproductive health care,13020,0.190666
Slovak Republic,Project interventions,2019,Reproductive health care,13020,0.046447
Slovak Republic,Project interventions,2020,Reproductive health care,13020,0.18234
Slovenia,Project interventions,2016,Reproductive health care,13020,0.037867
Slovenia,Project interventions,2017,Reproductive health care,13020,0.030098
Slovenia,Specific purpose funds,2017,Reproductive health care,13020,0.00602
Slovenia,Specific purpose funds,2018,Reproductive health care,13020,0.029474
Slovenia,Specific purpose funds,2019,Reproductive health care,13020,0.028839
Spain,Project interventions,2016,Family planning,13030,0.922686
Spain,Project interventions,2016,Reproductive health care,13020,8.620719
Spain,Project interventions,2017,Family planning,13030,0.377413
Spain,Project interventions,2017,Reproductive health care,13020,7.477150999999998
Spain,Project interventions,2018,Family planning,13030,0.4073589999999999
Spain,Project interventions,2018,Reproductive health care,13020,10.951062999999998
Spain,Project interventions,2019,Family planning,13030,0.2995219999999999
Spain,Project interventions,2019,Reproductive health care,13020,10.877279
Spain,Project interventions,2020,Family planning,13030,0.5082800000000001
Spain,Project interventions,2020,Reproductive health care,13020,9.167229
Spain,Specific purpose funds,2016,Family planning,13030,0.059856
Spain,Specific purpose funds,2016,Reproductive health care,13020,0.6584089999999999
Spain,Specific purpose funds,2017,Family planning,13030,0.0
Spain,Specific purpose funds,2017,Reproductive health care,13020,0.186716
Spain,Specific purpose funds,2018,Reproductive health care,13020,0.291803
Spain,Specific purpose funds,2019,Family planning,13030,0.230437
Spain,Specific purpose funds,2020,Family planning,13030,0.45584
Spain,Specific purpose funds,2020,Reproductive health care,13020,0.22792
Spain,Technical assistance,2016,Reproductive health care,13020,0.002711
Spain,Technical assistance,2018,Reproductive health care,13020,0.002276
Spain,Technical assistance,2019,Reproductive health care,13020,0.010946
Sweden,"Core support to NGOs, PPPs and research institutes",2016,Reproductive health care,13020,25.187072000000004
Sweden,"Core support to NGOs, PPPs and research institutes",2017,Reproductive health care,13020,30.660574
Sweden,"Core support to NGOs, PPPs and research institutes",2018,Reproductive health care,13020,14.133316
Sweden,"Core support to NGOs, PPPs and research institutes",2019,Reproductive health care,13020,14.197213
Sweden,"Core support to NGOs, PPPs and research institutes",2020,Reproductive health care,13020,7.969315
Sweden,Pooled funds,2016,Reproductive health care,13020,6.036864
Sweden,Pooled funds,2017,Reproductive health care,13020,6.341611
Sweden,Pooled funds,2018,Reproductive health care,13020,22.174041
Sweden,Project interventions,2016,Reproductive health care,13020,25.468312000000008
Sweden,Project interventions,2017,Reproductive health care,13020,26.349953000000003
Sweden,Project interventions,2018,Reproductive health care,13020,26.232867
Sweden,Project interventions,2019,Reproductive health care,13020,46.86516700000001
Sweden,Project interventions,2020,Reproductive health care,13020,41.715328
Sweden,Specific purpose funds,2016,Reproductive health care,13020,36.622854
Sweden,Specific purpose funds,2017,Reproductive health care,13020,45.6934
Sweden,Specific purpose funds,2018,Reproductive health care,13020,38.469483
Sweden,Specific purpose funds,2019,Family planning,13030,0.100684
Sweden,Specific purpose funds,2019,Reproductive health care,13020,52.39548100000002
Sweden,Specific purpose funds,2020,Family planning,13030,0.564622
Sweden,Specific purpose funds,2020,Reproductive health care,13020,63.95299500000001
Sweden,Technical assistance,2016,Family planning,13030,
Sweden,Technical assistance,2016,Reproductive health care,13020,0.628462
Sweden,Technical assistance,2017,Family planning,13030,0.369155
Sweden,Technical assistance,2017,Reproductive health care,13020,0.940009
Sweden,Technical assistance,2018,Reproductive health care,13020,2.5858040000000004
Sweden,Technical assistance,2019,Reproductive health care,13020,3.2943490000000004
Sweden,Technical assistance,2020,Reproductive health care,13020,4.325635999999999
Switzerland,Budget support,2017,Reproductive health care,13020,0.660342
Switzerland,Budget support,2018,Reproductive health care,13020,0.423409
Switzerland,Budget support,2019,Reproductive health care,13020,0.428688
Switzerland,Budget support,2020,Reproductive health care,13020,0.392191
Switzerland,"Core support to NGOs, PPPs and research institutes",2016,Reproductive health care,13020,2.12403
Switzerland,"Core support to NGOs, PPPs and research institutes",2017,Reproductive health care,13020,1.066085
Switzerland,"Core support to NGOs, PPPs and research institutes",2018,Reproductive health care,13020,2.378633
Switzerland,"Core support to NGOs, PPPs and research institutes",2019,Reproductive health care,13020,3.14745
Switzerland,"Core support to NGOs, PPPs and research institutes",2020,Family planning,13030,0.195241
Switzerland,"Core support to NGOs, PPPs and research institutes",2020,Reproductive health care,13020,4.044702999999999
Switzerland,Project interventions,2016,Reproductive health care,13020,4.520842999999999
Switzerland,Project interventions,2017,Family planning,13030,0.218973
Switzerland,Project interventions,2017,Reproductive health care,13020,6.277750999999999
Switzerland,Project interventions,2018,Family planning,13030,0.021161
Switzerland,Project interventions,2018,Reproductive health care,13020,4.566109
Switzerland,Project interventions,2019,Reproductive health care,13020,4.879202000000003
Switzerland,Project interventions,2020,Family planning,13030,0.015975
Switzerland,Project interventions,2020,Reproductive health care,13020,3.2225790000000014
Switzerland,Specific purpose funds,2016,Reproductive health care,13020,2.177131
Switzerland,Specific purpose funds,2017,Reproductive health care,13020,2.12132
Switzerland,Specific purpose funds,2018,Reproductive health care,13020,2.337104
Switzerland,Specific purpose funds,2019,Reproductive health care,13020,2.590738
Switzerland,Specific purpose funds,2020,Reproductive health care,13020,3.683039
Switzerland,Technical assistance,2016,Reproductive health care,13020,0.035485
Switzerland,Technical assistance,2017,Reproductive health care,13020,0.043245
Switzerland,Technical assistance,2018,Reproductive health care,13020,0.207797
Switzerland,Technical assistance,2019,Reproductive health care,13020,0.233999
Switzerland,Technical assistance,2020,Reproductive health care,13020,0.061812
Thailand,"Core support to NGOs, PPPs and research institutes",2016,Reproductive health care,13020,0.022355
Turkey,Project interventions,2018,Reproductive health care,13020,0.147776
Turkey,Project interventions,2019,Reproductive health care,13020,0.045741
Turkey,Project interventions,2020,Reproductive health care,13020,0.4369139999999999
Turkey,Technical assistance,2018,Family planning,13030,0.00202
UNFPA,Project interventions,2016,Family planning,13030,22.166758999999995
UNFPA,Project interventions,2016,Reproductive health care,13020,55.41481900000005
UNFPA,Project interventions,2017,Family planning,13030,19.21984100000001
UNFPA,Project interventions,2017,Reproductive health care,13020,38.27296199999999
UNFPA,Project interventions,2018,Family planning,13030,21.078107000000013
UNFPA,Project interventions,2018,Reproductive health care,13020,19.425886000000016
UNFPA,Project interventions,2019,Family planning,13030,25.529713999999988
UNFPA,Project interventions,2019,Reproductive health care,13020,33.451969
UNFPA,Project interventions,2020,Family planning,13030,26.761840000000003
UNFPA,Project interventions,2020,Reproductive health care,13020,32.26677999999999
UNICEF,Non-transfer,2019,Reproductive health care,13020,0.4974099999999999
UNICEF,Non-transfer,2020,Reproductive health care,13020,0.254
UNICEF,Project interventions,2016,Family planning,13030,0.068053
UNICEF,Project interventions,2016,Reproductive health care,13020,17.18152400000001
UNICEF,Project interventions,2017,Reproductive health care,13020,23.02258899999999
UNICEF,Project interventions,2018,Family planning,13030,0.120487
UNICEF,Project interventions,2018,Reproductive health care,13020,25.802988000000013
UNICEF,Project interventions,2019,Family planning,13030,0.135657
UNICEF,Project interventions,2019,Reproductive health care,13020,22.642464000000004
UNICEF,Project interventions,2020,Family planning,13030,0.031
UNICEF,Project interventions,2020,Reproductive health care,13020,18.756
United Arab Emirates,Project interventions,2016,Reproductive health care,13020,22.06875
United Arab Emirates,Specific purpose funds,2018,Family planning,13030,0.100808
United Kingdom,Budget support,2016,Family planning,13030,0.740475
United Kingdom,Budget support,2017,Family planning,13030,0.654829
United Kingdom,Budget support,2017,Reproductive health care,13020,0.072759
United Kingdom,Budget support,2018,Family planning,13030,0.810285
United Kingdom,Budget support,2018,Reproductive health care,13020,0.090032
United Kingdom,Budget support,2019,Family planning,13030,0.112738
United Kingdom,Budget support,2019,Reproductive health care,13020,0.012526
United Kingdom,Budget support,2020,Family planning,13030,2.077723
United Kingdom,Budget support,2020,Reproductive health care,13020,0.230858
United Kingdom,Non-transfer,2017,Family planning,13030,0.020408
United Kingdom,Pooled funds,2016,Family planning,13030,0.000191
United Kingdom,Pooled funds,2017,Family planning,13030,0.669072
United Kingdom,Project interventions,2016,Family planning,13030,50.40351400000001
United Kingdom,Project interventions,2016,Reproductive health care,13020,181.001402
United Kingdom,Project interventions,2017,Family planning,13030,115.665303
United Kingdom,Project interventions,2017,Reproductive health care,13020,180.83644
United Kingdom,Project interventions,2018,Family planning,13030,115.229019
United Kingdom,Project interventions,2018,Reproductive health care,13020,147.20165899999998
United Kingdom,Project interventions,2019,Family planning,13030,159.27528399999997
United Kingdom,Project interventions,2019,Reproductive health care,13020,99.495859
United Kingdom,Project interventions,2020,Family planning,13030,168.89253199999996
United Kingdom,Project interventions,2020,Reproductive health care,13020,79.81564399999999
United Kingdom,Specific purpose funds,2016,Family planning,13030,71.20507599999999
United Kingdom,Specific purpose funds,2016,Reproductive health care,13020,113.73177099999998
United Kingdom,Specific purpose funds,2017,Family planning,13030,80.26858
United Kingdom,Specific purpose funds,2017,Reproductive health care,13020,63.75337
United Kingdom,Specific purpose funds,2018,Family planning,13030,122.275851
United Kingdom,Specific purpose funds,2018,Reproductive health care,13020,71.590285
United Kingdom,Specific purpose funds,2019,Family planning,13030,176.167895
United Kingdom,Specific purpose funds,2019,Reproductive health care,13020,88.318385
United Kingdom,Specific purpose funds,2020,Family planning,13030,28.906555
United Kingdom,Specific purpose funds,2020,Reproductive health care,13020,51.96247900000001
United Kingdom,Technical assistance,2016,Family planning,13030,1.096532
United Kingdom,Technical assistance,2016,Reproductive health care,13020,30.966528000000007
United Kingdom,Technical assistance,2017,Family planning,13030,4.724506
United Kingdom,Technical assistance,2017,Reproductive health care,13020,11.106957000000005
United Kingdom,Technical assistance,2018,Family planning,13030,3.4019980000000003
United Kingdom,Technical assistance,2018,Reproductive health care,13020,6.845091999999999
United Kingdom,Technical assistance,2019,Family planning,13030,7.061833999999999
United Kingdom,Technical assistance,2019,Reproductive health care,13020,16.552239999999994
United Kingdom,Technical assistance,2020,Family planning,13030,10.556027000000002
United Kingdom,Technical assistance,2020,Reproductive health care,13020,7.930820000000001
United States,Budget support,2016,Family planning,13030,1.690205
United States,Budget support,2016,Reproductive health care,13020,5.3991690000000006
United States,Budget support,2017,Family planning,13030,0.527383
United States,Budget support,2017,Reproductive health care,13020,0.982155
United States,Budget support,2018,Family planning,13030,0.103016
United States,Budget support,2018,Reproductive health care,13020,0.11921
United States,Budget support,2020,Family planning,13030,10.0
United States,Budget support,2020,Reproductive health care,13020,0.002
United States,Project interventions,2016,Family planning,13030,461.7111089999998
United States,Project interventions,2016,Reproductive health care,13020,562.5406049999996
United States,Project interventions,2017,Family planning,13030,490.58518000000015
United States,Project interventions,2017,Reproductive health care,13020,538.6843359999997
United States,Project interventions,2018,Family planning,13030,623.4957070000004
United States,Project interventions,2018,Reproductive health care,13020,588.5504879999997
United States,Project interventions,2019,Family planning,13030,398.6086440000003
United States,Project interventions,2019,Reproductive health care,13020,476.322606
United States,Project interventions,2020,Family planning,13030,381.4999610000002
United States,Project interventions,2020,Reproductive health care,13020,416.095408
United States,Specific purpose funds,2016,Family planning,13030,15.227024000000002
United States,Specific purpose funds,2016,Reproductive health care,13020,76.45521299999999
United States,Specific purpose funds,2017,Family planning,13030,9.719243
United States,Specific purpose funds,2017,Reproductive health care,13020,172.133526
United States,Specific purpose funds,2018,Family planning,13030,3.844354
United States,Specific purpose funds,2018,Reproductive health care,13020,67.63914799999998
United States,Specific purpose funds,2019,Family planning,13030,24.683720000000005
United States,Specific purpose funds,2019,Reproductive health care,13020,83.774941
United States,Specific purpose funds,2020,Family planning,13030,11.406855000000004
United States,Specific purpose funds,2020,Reproductive health care,13020,72.74773899999998
United States,Technical assistance,2016,Family planning,13030,4.745048000000001
United States,Technical assistance,2016,Reproductive health care,13020,3.368656
United States,Technical assistance,2017,Family planning,13030,1.025896
United States,Technical assistance,2017,Reproductive health care,13020,3.682017
United States,Technical assistance,2018,Family planning,13030,1.1075199999999998
United States,Technical assistance,2018,Reproductive health care,13020,2.8308029999999995
United States,Technical assistance,2019,Family planning,13030,0.108538
United States,Technical assistance,2019,Reproductive health care,13020,6.191727999999999
United States,Technical assistance,2020,Family planning,13030,2.934301
United States,Technical assistance,2020,Reproductive health care,13020,5.432460999999998
World Health Organisation,Project interventions,2016,Reproductive health care,13020,28.667576
World Health Organisation,Project interventions,2017,Reproductive health care,13020,32.362107999999985
World Health Organisation,Project interventions,2018,Reproductive health care,13020,29.246993
World Health Organisation,Project interventions,2019,Reproductive health care,13020,46.52851300000003
World Health Organisation,Project interventions,2020,Reproductive health care,13020,14.973216
DAC donors (total),Budget support,2016,Reproductive health care,13020,5.3991690000000006
Multilateral donors (total),Budget support,2016,Reproductive health care,13020,27.992658
DAC donors (total),"Core support to NGOs, PPPs and research institutes",2016,Reproductive health care,13020,91.1168
Non-DAC donors (total),"Core support to NGOs, PPPs and research institutes",2016,Reproductive health care,13020,0.022355
DAC donors (total),Non-transfer,2016,Reproductive health care,13020,0.026306
DAC donors (total),Pooled funds,2016,Reproductive health care,13020,25.055298
DAC donors (total),Project interventions,2016,Reproductive health care,13020,1127.7239739999995
Multilateral donors (total),Project interventions,2016,Reproductive health care,13020,216.47064300000005
Non-DAC donors (total),Project interventions,2016,Reproductive health care,13020,25.601292
DAC donors (total),Specific purpose funds,2016,Reproductive health care,13020,254.73678899999996
Multilateral donors (total),Specific purpose funds,2016,Reproductive health care,13020,21.652978
DAC donors (total),Technical assistance,2016,Reproductive health care,13020,39.785166000000004
Multilateral donors (total),Technical assistance,2016,Reproductive health care,13020,0.061441
DAC donors (total),Budget support,2016,Family planning,13030,2.4306799999999997
DAC donors (total),"Core support to NGOs, PPPs and research institutes",2016,Family planning,13030,14.780185999999999
DAC donors (total),Pooled funds,2016,Family planning,13030,0.478575
DAC donors (total),Project interventions,2016,Family planning,13030,559.7677869999998
Multilateral donors (total),Project interventions,2016,Family planning,13030,44.751644
DAC donors (total),Specific purpose funds,2016,Family planning,13030,89.759615
Multilateral donors (total),Specific purpose funds,2016,Family planning,13030,0.0
DAC donors (total),Technical assistance,2016,Family planning,13030,6.285872000000001
DAC donors (total),Budget support,2017,Reproductive health care,13020,1.7152560000000001
Multilateral donors (total),Budget support,2017,Reproductive health care,13020,0.0
DAC donors (total),"Core support to NGOs, PPPs and research institutes",2017,Reproductive health care,13020,111.468722
DAC donors (total),Pooled funds,2017,Reproductive health care,13020,23.336864
DAC donors (total),Project interventions,2017,Reproductive health care,13020,1092.6546079999996
Multilateral donors (total),Project interventions,2017,Reproductive health care,13020,228.44027799999992
Non-DAC donors (total),Project interventions,2017,Reproductive health care,13020,2.105115
DAC donors (total),Specific purpose funds,2017,Reproductive health care,13020,347.57001499999996
Multilateral donors (total),Specific purpose funds,2017,Reproductive health care,13020,1.80365
DAC donors (total),Technical assistance,2017,Reproductive health care,13020,18.813941000000007
Multilateral donors (total),Technical assistance,2017,Reproductive health care,13020,0.0125979999999999
DAC donors (total),Budget support,2017,Family planning,13030,1.182212
DAC donors (total),"Core support to NGOs, PPPs and research institutes",2017,Family planning,13030,8.065522
DAC donors (total),Non-transfer,2017,Family planning,13030,0.020408
DAC donors (total),Pooled funds,2017,Family planning,13030,1.9905979999999999
DAC donors (total),Project interventions,2017,Family planning,13030,682.2301010000001
Multilateral donors (total),Project interventions,2017,Family planning,13030,28.52999300000001
DAC donors (total),Specific purpose funds,2017,Family planning,13030,110.22581100000001
Multilateral donors (total),Specific purpose funds,2017,Family planning,13030,20.321873
DAC donors (total),Technical assistance,2017,Family planning,13030,6.702700999999999
DAC donors (total),Budget support,2018,Reproductive health care,13020,0.632651
Multilateral donors (total),Budget support,2018,Reproductive health care,13020,0.0
DAC donors (total),"Core support to NGOs, PPPs and research institutes",2018,Reproductive health care,13020,78.910911
DAC donors (total),Non-transfer,2018,Reproductive health care,13020,0.5325079999999999
DAC donors (total),Pooled funds,2018,Reproductive health care,13020,38.45196
DAC donors (total),Project interventions,2018,Reproductive health care,13020,1122.2549589999999
Multilateral donors (total),Project interventions,2018,Reproductive health care,13020,205.34909300000004
Non-DAC donors (total),Project interventions,2018,Reproductive health care,13020,0.147776
DAC donors (total),Specific purpose funds,2018,Reproductive health care,13020,263.55211099999997
Multilateral donors (total),Specific purpose funds,2018,Reproductive health care,13020,0.0
DAC donors (total),Technical assistance,2018,Reproductive health care,13020,15.724632999999999
Multilateral donors (total),Technical assistance,2018,Reproductive health care,13020,0.024141
DAC donors (total),Budget support,2018,Family planning,13030,0.913301
DAC donors (total),"Core support to NGOs, PPPs and research institutes",2018,Family planning,13030,15.457798
DAC donors (total),Pooled funds,2018,Family planning,13030,2.9855089999999995
DAC donors (total),Project interventions,2018,Family planning,13030,826.8943420000004
Multilateral donors (total),Project interventions,2018,Family planning,13030,77.250778
DAC donors (total),Specific purpose funds,2018,Family planning,13030,141.74397100000002
Multilateral donors (total),Specific purpose funds,2018,Family planning,13030,0.0
Non-DAC donors (total),Specific purpose funds,2018,Family planning,13030,0.100808
DAC donors (total),Technical assistance,2018,Family planning,13030,5.144692
Multilateral donors (total),Technical assistance,2018,Family planning,13030,0.098625
Non-DAC donors (total),Technical assistance,2018,Family planning,13030,0.00202
DAC donors (total),Budget support,2019,Reproductive health care,13020,2.667131
Multilateral donors (total),Budget support,2019,Reproductive health care,13020,26.894016999999998
DAC donors (total),"Core support to NGOs, PPPs and research institutes",2019,Reproductive health care,13020,70.507645
DAC donors (total),Non-transfer,2019,Reproductive health care,13020,0.026663
Multilateral donors (total),Non-transfer,2019,Reproductive health care,13020,0.4974099999999999
DAC donors (total),Pooled funds,2019,Reproductive health care,13020,21.501646
DAC donors (total),Project interventions,2019,Reproductive health care,13020,964.916664
Multilateral donors (total),Project interventions,2019,Reproductive health care,13020,209.54279500000007
Non-DAC donors (total),Project interventions,2019,Reproductive health care,13020,0.292391
DAC donors (total),Specific purpose funds,2019,Reproductive health care,13020,320.71165600000006
Multilateral donors (total),Specific purpose funds,2019,Reproductive health care,13020,0.482788
DAC donors (total),Technical assistance,2019,Reproductive health care,13020,27.884251999999993
Multilateral donors (total),Technical assistance,2019,Reproductive health care,13020,0.002061
DAC donors (total),Budget support,2019,Family planning,13030,1.886683
Multilateral donors (total),Budget support,2019,Family planning,13030,18.04057
DAC donors (total),"Core support to NGOs, PPPs and research institutes",2019,Family planning,13030,15.358407999999999
DAC donors (total),Pooled funds,2019,Family planning,13030,5.594403
DAC donors (total),Project interventions,2019,Family planning,13030,655.0353450000002
Multilateral donors (total),Project interventions,2019,Family planning,13030,32.681181999999986
DAC donors (total),Specific purpose funds,2019,Family planning,13030,222.08995499999997
DAC donors (total),Technical assistance,2019,Family planning,13030,7.303163
DAC donors (total),Budget support,2020,Reproductive health care,13020,2.447115
Multilateral donors (total),Budget support,2020,Reproductive health care,13020,3.261743
DAC donors (total),"Core support to NGOs, PPPs and research institutes",2020,Reproductive health care,13020,57.70794
Multilateral donors (total),Non-transfer,2020,Reproductive health care,13020,0.254
DAC donors (total),Pooled funds,2020,Reproductive health care,13020,10.453437000000001
DAC donors (total),Project interventions,2020,Reproductive health care,13020,909.211212
Multilateral donors (total),Project interventions,2020,Reproductive health care,13020,228.282434
Non-DAC donors (total),Project interventions,2020,Reproductive health care,13020,2.7437519999999997
DAC donors (total),Specific purpose funds,2020,Reproductive health care,13020,242.015132
Multilateral donors (total),Specific purpose funds,2020,Reproductive health care,13020,0.0
Non-DAC donors (total),Specific purpose funds,2020,Reproductive health care,13020,5.178494
DAC donors (total),Technical assistance,2020,Reproductive health care,13020,19.090207999999997
Multilateral donors (total),Technical assistance,2020,Reproductive health care,13020,0.141157
DAC donors (total),Budget support,2020,Family planning,13030,17.315677
DAC donors (total),"Core support to NGOs, PPPs and research institutes",2020,Family planning,13030,21.455868
DAC donors (total),Pooled funds,2020,Family planning,13030,7.070161000000001
DAC donors (total),Project interventions,2020,Family planning,13030,663.2895370000001
Multilateral donors (total),Project interventions,2020,Family planning,13030,42.907697000000006
DAC donors (total),Specific purpose funds,2020,Family planning,13030,63.156995
DAC donors (total),Technical assistance,2020,Family planning,13030,13.612582000000002
Multilateral donors (total),Technical assistance,2020,Family planning,13030,0.252
All donors (total),Budget support,2016,Reproductive health care,13020,33.391827
All donors (total),"Core support to NGOs, PPPs and research institutes",2016,Reproductive health care,13020,91.139155
All donors (total),Non-transfer,2016,Reproductive health care,13020,0.026306
All donors (total),Pooled funds,2016,Reproductive health care,13020,25.055298
All donors (total),Project interventions,2016,Reproductive health care,13020,1369.7959089999995
All donors (total),Specific purpose funds,2016,Reproductive health care,13020,276.38976699999995
All donors (total),Technical assistance,2016,Reproductive health care,13020,39.846607000000006
All donors (total),Budget support,2016,Family planning,13030,2.4306799999999997
All donors (total),"Core support to NGOs, PPPs and research institutes",2016,Family planning,13030,14.780185999999999
All donors (total),Pooled funds,2016,Family planning,13030,0.478575
All donors (total),Project interventions,2016,Family planning,13030,604.5194309999997
All donors (total),Specific purpose funds,2016,Family planning,13030,89.759615
All donors (total),Technical assistance,2016,Family planning,13030,6.285872000000001
All donors (total),Budget support,2017,Reproductive health care,13020,1.7152560000000001
All donors (total),"Core support to NGOs, PPPs and research institutes",2017,Reproductive health care,13020,111.468722
All donors (total),Pooled funds,2017,Reproductive health care,13020,23.336864
All donors (total),Project interventions,2017,Reproductive health care,13020,1323.2000009999995
All donors (total),Specific purpose funds,2017,Reproductive health care,13020,349.37366499999996
All donors (total),Technical assistance,2017,Reproductive health care,13020,18.826539000000007
All donors (total),Budget support,2017,Family planning,13030,1.182212
All donors (total),"Core support to NGOs, PPPs and research institutes",2017,Family planning,13030,8.065522
All donors (total),Non-transfer,2017,Family planning,13030,0.020408
All donors (total),Pooled funds,2017,Family planning,13030,1.9905979999999999
All donors (total),Project interventions,2017,Family planning,13030,710.7600940000001
All donors (total),Specific purpose funds,2017,Family planning,13030,130.547684
All donors (total),Technical assistance,2017,Family planning,13030,6.702700999999999
All donors (total),Budget support,2018,Reproductive health care,13020,0.632651
All donors (total),"Core support to NGOs, PPPs and research institutes",2018,Reproductive health care,13020,78.910911
All donors (total),Non-transfer,2018,Reproductive health care,13020,0.5325079999999999
All donors (total),Pooled funds,2018,Reproductive health care,13020,38.45196
All donors (total),Project interventions,2018,Reproductive health care,13020,1327.751828
All donors (total),Specific purpose funds,2018,Reproductive health care,13020,263.55211099999997
All donors (total),Technical assistance,2018,Reproductive health care,13020,15.748774
All donors (total),Budget support,2018,Family planning,13030,0.913301
All donors (total),"Core support to NGOs, PPPs and research institutes",2018,Family planning,13030,15.457798
All donors (total),Pooled funds,2018,Family planning,13030,2.9855089999999995
All donors (total),Project interventions,2018,Family planning,13030,904.1451200000004
All donors (total),Specific purpose funds,2018,Family planning,13030,141.84477900000002
All donors (total),Technical assistance,2018,Family planning,13030,5.245337
All donors (total),Budget support,2019,Reproductive health care,13020,29.561148
All donors (total),"Core support to NGOs, PPPs and research institutes",2019,Reproductive health care,13020,70.507645
All donors (total),Non-transfer,2019,Reproductive health care,13020,0.5240729999999999
All donors (total),Pooled funds,2019,Reproductive health care,13020,21.501646
All donors (total),Project interventions,2019,Reproductive health care,13020,1174.75185
All donors (total),Specific purpose funds,2019,Reproductive health care,13020,321.1944440000001
All donors (total),Technical assistance,2019,Reproductive health care,13020,27.886312999999994
All donors (total),Budget support,2019,Family planning,13030,19.927253
All donors (total),"Core support to NGOs, PPPs and research institutes",2019,Family planning,13030,15.358407999999999
All donors (total),Pooled funds,2019,Family planning,13030,5.594403
All donors (total),Project interventions,2019,Family planning,13030,687.7165270000003
All donors (total),Specific purpose funds,2019,Family planning,13030,222.08995499999997
All donors (total),Technical assistance,2019,Family planning,13030,7.303163
All donors (total),Budget support,2020,Reproductive health care,13020,5.708858
All donors (total),"Core support to NGOs, PPPs and research institutes",2020,Reproductive health care,13020,57.70794
All donors (total),Non-transfer,2020,Reproductive health care,13020,0.254
All donors (total),Pooled funds,2020,Reproductive health care,13020,10.453437000000001
All donors (total),Project interventions,2020,Reproductive health care,13020,1140.237398
All donors (total),Specific purpose funds,2020,Reproductive health care,13020,247.193626
All donors (total),Technical assistance,2020,Reproductive health care,13020,19.231364999999997
All donors (total),Budget support,2020,Family planning,13030,17.315677
All donors (total),"Core support to NGOs, PPPs and research institutes",2020,Family planning,13030,21.455868
All donors (total),Pooled funds,2020,Family planning,13030,7.070161000000001
All donors (total),Project interventions,2020,Family planning,13030,706.1972340000001
All donors (total),Specific purpose funds,2020,Family planning,13030,63.156995
All donors (total),Technical assistance,2020,Family planning,13030,13.864582000000002
